domain,theme,value1,value2,brief introduction,scene,role1,D1,role2,D2,relation,conflict_level,id,
婚姻/夫妻/恋爱/亲密关系,子女数量决定,享乐主义,自我导向,享乐主义可能让人追求愉快、享受生活，包括享受孩子带来的快乐，而自我导向可能要求更多的个人独立和自由，包括追求个人的目标和生活方式，养育子女可能会限制这种自由,艾米和汤姆已经结婚五年了，他们一直在关注子女数量的问题。他们在这个决定中遭遇了分歧。艾米相信孩子带来了快乐和满足，她愿意照顾更多的孩子。然而，汤姆坚信他们应该专注于自己的职业发展和个人兴趣，因为孩子会分散他们的注意力。,艾米，她是家庭的焦点，温和、善良、爱儿童,认为他们应该有更多的孩子，因为孩子能带来快乐与满足，丰富他们的家庭生活。,汤姆，他的职业是一名研究员，他非常享受他的工作，并且希望有足够的时间去追求他的个人兴趣，例如阅读和旅行,暂时不要更多的孩子，这样能有更多的时间和精力去投入到工作和个人兴趣上。,夫妻,3,1,
婚姻/夫妻/恋爱/亲密关系,子女数量决定,成就,遵从,追求成就可能包括希望通过拥有更多的子女来显示个人能力和社会地位，而遵从可能要求对社会期望（如适宜的子女数量）进行服从和自我限制,一对年轻的夫妻已经有了一个孩子，他们在面临是否应该再生一个孩子的决策。夫妻二人都有稳定的工作，经济条件也不错。但是他们对于是否要增加家庭成员的看法存在分歧。,杰克，他是一位公司的中层管理人员，主管一个小团队。他是一个典型的工作狂，总是想通过自己的努力给家人提供更好的生活。他认为孩子是他工作努力的动力，同时也是对他个人成功的验证,觉得再生一个孩子是自己的责任和他成功的象征，坚决支持再生一个孩子。,艾玛，她是一家初创公司的设计师，工作同样忙碌。她鼓励和尊重社会的期望，认为精心抚养和教育一个孩子更为重要,认为现在社会普遍认为一个孩子是比较理想的家庭结构，因此坚决反对再生一个孩子，希望能够全力投入到现有孩子的教育和成长中。,夫妻,3,2,
婚姻/夫妻/恋爱/亲密关系,子女数量决定,权力,大同,权力价值观可能让人希望通过拥有更多的子女来提升社会地位和影响别人，但如果考虑到全球人口和资源的压力，“大同”价值观可能会提倡减少子女的数量,夫妻两人，Rachel和Robert现居住在城市，他们都有稳定的工作和收入，最近因为生活稳定下来，他们开始考虑要孩子的问题，对于子女的数量产生了分歧。,Robert，是一位充满野心的律师。长期以来，他都向往拥有一个大家庭，认为子女多，人气旺，可以提升他在社会上的地位和声誉,希望能生三个甚至更多的孩子，认为这样可以让自己在社区中获得更多的尊重和权力。,Rachel，是一位环保组织的工作人员，她一直关注全球环境问题和资源压力，因此对人口控制有深刻的认识。她希望自己的生活方式能符合环保理念，减少对地球的压力,希望只生一个孩子，认为这既可以给孩子提供足够的爱，又可以减少对地球资源的压力。,夫妻,3,3,
婚姻/夫妻/恋爱/亲密关系,子女数量决定,刺激,安全,追求刺激的人可能希望有更多的子女来让生活更加丰富和有趣，而追求安全的人可能会为了保持生活的稳定和安全，选择有较少的子女,Alex和Jenny是一对已经结婚两年的夫妻，他们都有稳定的工作，目前的生活状况相当不错。最近他们开始面临一个重要的决策――他们应该有多少个孩子。Alex希望他们可以有多个孩子，他认为这样的家庭生活会更加充满乐趣和挑战，但Jenny则觉得少数孩子可以保障他们现有的生活稳定，并可以提供更好的教育和照顾。,Alex，他是一个活力四溢的人，总是享受着新的挑战和乐趣,认为他们应该有至少3个孩子，认为多个孩子会让家庭生活更加有趣和富有挑战性。,Jenny，她是一个谨慎和善于规划的人，她认为稳定和安全的生活对他们来说更为重要,认为应该只有一个孩子，这样可以将更多的精力和资源投入到孩子的教育和成长中。,夫妻,3,4,
婚姻/夫妻/恋爱/亲密关系,婚姻提议,大同,自我导向,如果一方在婚姻提议的过程中过于强调整体福祉或长远利益（大同），另一方可能觉得自己的个人需求、想法和目标（自我导向）被忽视,泰德和萝莉经过几年的恋爱，终于到了要谈论婚姻的时候。两人都在城市拥有稳定的工作，并且在一起的日子越来越长。在决定是否结婚的问题上，他们遇到了分歧。泰德想要结婚，他认为这对他们两人以及两个家庭都是最好的。而萝莉虽然也爱泰德，但她更关心的是自己的职业发展，她想要有更多的时间投入给自己的工作。,泰德，一个关心家庭和社会价值的年轻人，他总是以大局为重，相信结婚是他们应做的事,决定向萝莉求婚，觉得结婚可以把家庭紧密结合在一起，是对双方家庭的尊重和责任的体现。,萝莉，一个独立的女性，她非常重视自己的工作，希望通过努力工作来实现自己的生活目标和理想,拒绝泰德的求婚。认为现在是自己事业发展的重要时期，如果结婚可能会影响自己的工作和职业发展。希望泰德能理解并支持自己的决定。,恋人,3,5,
婚姻/夫妻/恋爱/亲密关系,婚姻提议,传统,刺激,一方可能倾向于按照传统的方式进行婚姻提议（传统），比如父母安排的婚姻，而另一方可能渴望寻求更多的新奇和刺激（刺激），如自由恋爱,乔治和艾米是一对恋人，他们正在商量未来的婚姻问题。乔治是一个保守的人，他希望能够按照传统的方式进行婚姻提议，例如家庭聚会时在大家的面前跪下求婚。而艾米，她是个对生活充满热情的人，她希望的求婚方式能充满惊喜和刺激，例如在热气球中，或者是在激流勇进的时刻。这就使得他们在婚姻提议的方式上产生了严重的分歧。,乔治，乔治是个传统的人，他认为婚姻应该尊重和维护传统的价值。他倾向于在一种庄重和正式的场合下，向艾米求婚,决定在家庭聚会时，向艾米提出婚姻提议。,艾米，艾米是一个热情、活跃、喜欢刺激的人。她希望自己的生活充满惊喜和新奇,希望乔治能找一种新奇、刺激的方式向自己求婚，比如在热气球上，或者在激流勇进的时刻。,恋人,3,6,
婚姻/夫妻/恋爱/亲密关系,婚姻提议,安全,享乐主义,在婚姻提议的过程中，一方可能希望保持稳定和安全（安全），而另一方可能更加关注个人的快乐和感官满足（享乐主义），这可能导致两者在决策时出现冲突,艾米和杰克已经交往了三年，近期，杰克打算向艾米求婚。然而，提出婚姻这个话题后，两个人对于婚姻生活的期待出现了巨大的分歧。艾米期望的是一个稳定的生活，而杰克则期望的是一个冒险和刺激的生活。,艾米，一个理性，稳重的女性，她的稳定工作和有规律的生活让她对未来有了明确的期待,认为婚姻应该带来稳定和安全感，希望在结婚后她们的生活可以有计划，有序，这包括稳定的工作和计划好的生活。希望能有一个稳定的家庭，而不是充满未知和冒险。,杰克，是一个充满活力和热情的男性，他热爱生活，喜欢探险和尝试新事物,婚姻应该带给自己更多的乐趣和快乐，希望在结婚后仍然可以保持现在的生活方式，频繁旅行，尝试新的事物。希望婚姻能够让生活更加有趣，而不是变得沉闷和平淡。,恋人,3,7,
婚姻/夫妻/恋爱/亲密关系,婚姻提议,成就,慈善,一方可能把婚姻看作是个人成功的一部分（成就），而另一方可能更看重在关系中提供帮助、支持与理解的重要性（慈善），这可能会导致二者在婚姻提议的决策中出现冲突,两人在一起已经有三年的时间，求婚的问题也悄悄上了日程。他们住在一个大城市，工作都相当忙碌。他们谈及婚姻，却发现彼此对此的期望有所不同。他们决定设定未来的目标并且向这个目标努力。,杰克，一个有抱负的年轻人，他是公司的市场总监并有着良好的发展前景。他的职业使他热衷于追求成功和成就，他认为结婚是人生成功的一部分，而且他希望通过结婚来提升他的社会地位,认为应该在稳定的生活基础上做出婚姻的决定。希望能够购买一套房子，并有一份稳定的高收入。决定延迟求婚直到觉得自己已经做好了充分的准备，即使这需要花费更长的时间。,艾米，一个充满爱心的年轻女性，她是一家非营利组织的工作人员。她对生活充满了热情，她的工作让她体验到了帮助他人的喜悦。她认为婚委是一种奉献和付出，而不仅仅是一种社会地位的象征,应该尽快结婚，认为爱情应该是无条件的，不需要任何的物质基础。提议不必等待所有的条件都具备，两人可以在结婚后一起努力实现。,恋人,3,8,
婚姻/夫妻/恋爱/亲密关系,婚礼计划,大同,权力,在婚礼计划中，如果新人希望为了所有人的福祉而安排一个简朴但包容所有人的婚礼（大同），这可能会与家庭或个人对于展示社会地位和声望的期望（权力）产生冲突,新婚夫妇Emily和James正在决策他们的婚礼计划。他们在婚礼的规模和气派上产生了分歧。Emily想要一个简朴的婚礼，而James期望在婚礼上能充分展示他们的社会地位和声望。,Emily，她是一位环保主义者，坚信人类行为应当以和谐共享为目标，而不是个人的奢侈和对资源的浪费,决定进行一个环保主题的婚礼，规模适度，人人都可参与，希望这个婚礼能够显现出对于自己价值观的尊重和实践。,James，他是一位成功的商人，能源行业的领军人物，他希望他的成功和地位能够得到社会的认可和尊重,决定把婚礼做成一个大型的社会活动，邀请名流巨贾，以此展示自己的地位和影响力。,夫妻,3,9,
婚姻/夫妻/恋爱/亲密关系,婚礼计划,传统,自我导向,如果一方希望遵循传统的婚礼习俗（传统），而另一方希望创新和独自设计婚礼（自我导向），则可能会产生冲突,Tom和Sue是一对热恋中的恋人，即将迎来两人的大喜之日。他们在策划婚礼的问题上产生了分歧。Tom希望婚礼能够遵循传统，而Sue希望婚礼能体现出他们自己的个性。,Tom，一个稳重且深受家庭传统价值观影响的人,根据传统习俗，认为他们应该在教堂举行婚礼，并邀请亲朋好友来一起见证他们的婚姻。,Sue，一个独立思考，喜欢追求自我和新奇的女性,想要一场独特的婚礼，希望他们能在海滩上举行婚礼，并只邀请最亲近的朋友参加。,恋人,3,10,
婚姻/夫妻/恋爱/亲密关系,婚礼计划,权力,慈善,如果一方更关注婚礼的豪华程度和社会地位的展示（权力），而另一方希望将婚礼预算用于帮助需要的人（慈善），这可能会引起冲突,宋明和王雅正在策划他们的婚礼。这场婚礼对他们来说意义重大，他们希望通过婚礼来庆祝他们的爱情，并向全世界宣布他们的承诺。但是，在婚礼的规模和费用的问题上，他们产生了分歧。宋明认为婚礼应该有声有色，体现他们的地位和财富，而王雅却希望将婚礼的预算用于做善事，帮助那些需要帮助的人。,宋明，一个富有的商业精英，通过自己的努力和才智，在短短几年内赚得了一笔小财。他热爱挑战，对成功有着强烈的欲望，并且喜欢展示自己的成就,决定举办一场豪华的婚礼，邀请所有的朋友和商业伙伴，这样可以展示自己的社会地位和财富。,王雅，一个温柔善良的女性，一直活跃在各类公益活动中。她对物质生活的需求并不高，更喜欢将能力和资源用在帮助那些需要帮助的人上,希望将婚礼的预算尽可能地压低，并将节省下来的钱捐给慈善机构，用于帮助那些需要帮助的人。,朋友,3,11,
婚姻/夫妻/恋爱/亲密关系,婚礼计划,安全,刺激,一方可能希望婚礼稳定顺利，避免任何可能带来的风险（安全），而另一方可能喜欢挑战和新奇的体验，比如在海外举行婚礼或策划一些惊喜（刺激），这可能会带来冲突,Emily和Jack即将结婚，他们正在计划婚礼的细节。Emily希望举办一个传统而稳定的婚礼，伴随着家人和朋友的祝福，一切都在预期中进行。而Jack却想要在海滩上举办一个露天的婚礼，更希望能在双方家庭中制造一些互动环节，甚至是游戏和挑战，让婚礼更加有趣刺激。这导致他们在婚礼计划上产生了分歧。,Emily，有着深厚的家庭情感，喜欢稳定的生活，注重家庭的和谐稳定，不善于应对突发事件。她希望婚礼是一场完美无瑕的庆典，所有事情都按照计划进行,坚持在家乡举办一个传统的婚礼，按照既定的流程进行，确保一切都在控制之中，避免任何可能的风险和突发情况。,Jack，热爱冒险和新奇的事物，善于接受挑战，积极乐观，富有创造性，喜欢与人交往和互动。他希望婚礼更具有个性和新颖性，充满活力和乐趣,希望尝试在海滩上举行婚礼，并计划了一些游戏和挑战环节，希望能在婚礼上给大家带来惊喜和快乐。,恋人,3,12,
婚姻/夫妻/恋爱/亲密关系,婚礼计划,享乐主义,遵从,如果新人希望通过举办一场大型派对来享受婚礼（享乐主义），这可能会与那些期望他们举办一个庄重和礼貌的婚礼的家庭成员的期待（遵从）产生冲突,新婚夫妇Alice和Bob准备策划他们的婚礼。Alice想要一个大型的华丽派对，充满了音乐和舞蹈，以此来庆祝他们的大日子。而Bob则更愿意举行一个简单而庄重的仪式，他认为这样可以尊重家庭传统，更符合他们家族人的期待。,Alice，一个热爱生活，热情开朗的新娘，善于沟通和社交，期待着一个她自己心目中的理想婚礼,决定要一场大型的婚礼派对，希望能让所有的亲友在这个特殊的日子里感受到快乐和欢乐，一起分享这份喜悦。,Bob，一个传统而内敛的新郎，他比较重视家庭传统和规矩，觉得婚礼应该是一个庄重而神圣的仪式,坚持要一个简单而有内涵的婚礼，希望婚礼可以尊重和继承家族的传统，同时也得到家人的理解和认同。,Alice和Bob是即将步入婚姻殿堂的新人，他们都在为他们的婚礼做着策划和准备。,3,13,
婚姻/夫妻/恋爱/亲密关系,冲突解决方法,享乐主义,传统,在一个关系中，一方可能追求个人的快乐或感官满足，比如经常出去玩，消费，享乐，然而，这可能与另一方对于责任的重视发生冲突，例如需要节俭，照顾家庭，对未来的规划等,夫妻两人都是公司职员，他们共同销售一套房子的问题已经讨论了很久。在这个决策中，他们的主要冲突是如何使用从销售房子中获得的利润。他们需要决定是继续享受生活，如经常出去旅行，购买一辆新车，还是按传统方式，将这笔钱存入银行，为家庭和孩子的未来提供保障。,John。John是一个乐观主义者，他认为生活就是要享受，我们应该尽可能地体验和享受生活中的每一刻,提议他们应该用这笔钱去旅行，购买一辆新车，享受生活，认为这就是生活的意义所在。,Susan。Susan是一个传统的女性，她认为家庭和将来的安全是最重要的，她更关心家庭和孩子的未来,将这笔钱存入银行，为家庭和孩子的未来提供保障，而不是现在就挥霍掉。,夫妻,3,14,
婚姻/夫妻/恋爱/亲密关系,冲突解决方法,成就,大同,一方可能重视社会地位和个人成功，比如升职加薪，或者开创事业，实现自我价值,一个环保非营利组织邀请了一对夫妻一起参加在南极的考察活动，期望他们能够在那里研究气候变化的影响并撰写相关报告，这项任务虽然看起来富有挑战性且有理想主义的色彩，但在经济上并无任何收益，甚至会耽误他们各自事业的进展。夫妻二人需要决定是否接受这个任务。,是John，一个野心勃勃的企业家，一直在追求他的事业成功，努力提升自己的社会地位和权威，对于任何可能阻碍他职业晋升和企业发展的事项都会持保留态度,认为这项任务会让自己与公司脱节，耽误事业发展，因此决定拒绝这个任务。,Sarah，一个热心的环保人士，经常参加各种环保活动，并尽自己所能推广对地球友好的生活方式，她相信保护环境和追求全球福祉比个人成就更重要,认为这是一个极好的机会，能够直接参与并理解气候变化的影响，尽管没有经济收益，但决定接受这个任务。,夫妻,3,15,
婚姻/夫妻/恋爱/亲密关系,冲突解决方法,自我导向,遵从,一方可能强调个人的独立，自由，选择自己的生活方式和追求，这可能与另一方对社会规范和传统的尊重产生冲突，后者可能认为应该遵从传统的角色分工，保持现状，服从规则,Jessie和Tom是一对已经结婚五年的夫妻，两人都是在IT行业工作，工作繁忙，压力大。Jessie被公司提供了一个在国外工作的机会，这对她的职业发展非常有帮助。而Tom则因为公司的项目需要，要一直在国内工作。这就要求两人需要暂时分开生活一段时间，这让两人都面临一个抉择，Jessie去国外工作将对她的事业有极大的帮助，但也意味着他们夫妻俩可能要在不同的国家生活一段时间，这对他们的婚姻可能会带来一些影响。,Jessie，她是一个独立、有主见、在职场上表现出色的女性,尽管非常珍视的婚姻，但认为自己的职业发展也非常重要，相信他们的感情能够经得住这个考验，所以决定接受公司的提议，去国外工作。,Tom，他是一个比较传统的男性，对家庭有着深深的依赖和承诺，他觉得家庭应该是他生活的重心,担心分居两地会对他们的婚姻产生负面影响，希望Jessie能考虑放弃这次的机会，留在国内同自己一同生活，维系两人的婚姻。,夫妻,3,16,
婚姻/夫妻/恋爱/亲密关系,冲突解决方法,刺激,安全,一方可能喜欢新鲜的、刺激的生活，比如经常换工作，换居住地，追求刺激和冒险,Blake和Sophia已经结婚有几年了，他们是完全相反的价值观体系。Blake是一名冒险家，他的工作是拍摄野生动物和自然环境，经常需要他到世界各地甚至一些危险的地方。而Sophia则是一名医生，在本地的医院有稳定的工作。最近，Blake收到了一个任务，需要他去亚马逊雨林拍摄最新的纪录片，这项任务充满了刺激和挑战，但也有很大的危险性。Blake非常兴奋，但Sophia则担心他的安全。,Blake，热爱冒险和挑战的自然摄影师,决定接受这个任务，去亚马逊雨林拍摄纪录片。认为这是一个难得的机会，能带来刺激和成就感。,Sophia，稳重的，注重安全的医生,建议Blake拒绝这个任务，认为他的安全是最重要的。担心亚马逊雨林的危险环境会对Blake造成威胁。,夫妻,3,17,
婚姻/夫妻/恋爱/亲密关系,冲突解决方法,权力,慈善,一方可能追求社会地位、声望或对他人的控制，这可能与另一方的慈善价值观相冲突，后者可能更关注为他人提供帮助、提高他人福利而非追求个人的权力或控制,一对婚后的夫妇正在争论他们的子女的教育问题。他们的子女即将进入高中，需要选择是继续在公立学校接受教育，还是转到私立学校。这个决策的目的是为了给他们的子女提供最好的教育环境，但这个决策带来了分歧，因为每个人的价值观不同，对于什么是最好的教育环境有不同的看法。,Robert。一个在社区里享有声望的商人，他个性强烈，习惯于控制自己的生活，对社会地位极度看重,认为寄宿私立学校可以为子女提供更优质的教学和更多的竞争机会，提升他们的社会地位和未来的成功机会，因此强烈倾向于将子女送去私立学校。,Mary。一个深深关心家庭福利的母亲，她善良、关怀他人，对社会公正有着深厚的热爱,认为公立学校的教育环境更加公平，能让孩子们学会欣赏社会的多元化，培养他们的同理心和公正感。主张子女应该继续在公立学校学习。,夫妻,3,18,
婚姻/夫妻/恋爱/亲密关系,夫妻分工协作,成就,慈善,一方可能更看重个人的成功和成就，这可能涉及到花费大量的时间在工作上，而另一方可能更看重对家庭成员的关照和照顾，这将需要有人在家里有更多的时间,夫妻二人的公司都提供了一个升职的机会，这对他们来说是一次很好的成就提升。然而，如果两者都接受升职，那么他们需要花费更多的时间在工作上，可能无法顾及到孩子和家庭的需要。他们需要决定如何在夫妻分工协作上达成共识。,Tom，是一个典型的职场人，他热爱他的工作，他总是渴望有更好的机会来证明自己的价值,接受这次的升职机会，想通过这个机会来实现在职场上的成功和成就。认为可以调整自己的时间，早些时候到公司，然后晚些时候回家，以便能有足够的时间来照顾家庭。,Linda，是一个充满爱心的妈妈，她非常在乎家庭和孩子的福利。她也同样热爱她的工作，但与Tom不同的是，她认为家庭是最重要的,放弃这次的升职机会，在家里待的时间更长一些，确保孩子得到足够的关爱和照顾。认为这是对家庭的责任，同时也是对自己的慈善。,夫妻,3,19,
婚姻/夫妻/恋爱/亲密关系,夫妻分工协作,大同,传统,在夫妻分工的问题上，一方可能更倾向于遵循传统的角色划分，比如男性作为家庭的经济支柱，女性作为照顾家庭的角色,Tom和Lily是一对新婚夫妻，他们都在一家大公司工作。作为一对新婚的夫妻，他们开始考虑该如何分配家务的问题。Tom提出希望同时进行工作和家务以达到平等，而Lily则认为应遵循传统的方式男主外，女主内。他们为此产生了分歧。,Tom，他是一位热爱自由与创新，主张性别平等的先锋人物,建议他们应该打破传统的角色定位。认为应该平分家务，以实现真正的性别平等。愿意购买一些技术产品来帮助他们更高效地完成家务，更提议制定一个家务分工表，以保证公平。,Lily，她是一位传统的女性，认为女性在家庭生活中应该承担更多的责任,遵循传统的方式，男性主要负责家庭的经济来源，而女性主要负责照顾家庭和孩子，包括做饭、洗衣、打扫房子等家务事项。愿意承担大部分的家务。,夫妻,3,20,
婚姻/夫妻/恋爱/亲密关系,夫妻分工协作,享乐主义,传统,一方可能更倾向于追求个人的快乐和满足，这可能包括花费时间在个人的爱好和兴趣上，而另一方可能更看重家庭的稳定和安全，这可能需要双方都承担起家庭的责任,夫妻两人都是全职工作者，他们都很忙，有很少的闲暇时间。他们面临一个决策：是应该把家务事分配给一个人完成，让另一个人有更多的自由时间做自己喜欢的事情，还是共享这些任务，每个人都有一些自由时间？这个决策的目的是找到一个公平和满意的家务分工方式。但这个决策带来了分歧，他们在价值观上有冲突，一个人更看重享乐主义，而另一个人更偏向于传统。,Tom，他是一位对生活充满热情的人，喜欢尝试新的事物，享受生活。在他看来，生活不仅仅是工作，还有更多的乐趣等待他去发掘。他喜欢旅行，喜欢音乐、电影和阅读。他希望有更多的时间去享受这些快乐,认为应该有更多的时间来享受生活，决定让妻子承担更多的家务工作。,Jane，她是一个很传统的女人，认为家务事是夫妻双方共同的责任。她认为这样可以让夫妻关系更加和谐，更能体现出夫妻之间的携手同行,坚持认为家务事应该由他们两个人共同分担，不同意Tom的决定，认为他们应该共享家务工作。,夫妻,3,21,
婚姻/夫妻/恋爱/亲密关系,夫妻分工协作,权力,大同,一方可能更看重家庭中的地位和权力，这可能涉及到在决策中拥有更多的话语权，而另一方可能更看重公平和公正，这可能要求双方在家庭决策中都能有平等的权力,Tom和Lucy是一对已婚夫妇，他们正在决定家里的日常分工和责任。小孩的教育问题，家务的分配，以及购物的责任等问题，都需要他们共同来协商和决定。他们都想要家庭的和谐和幸福，但对于这些决策应当如何实施，他们却有着不同的看法。,Tom，Tom是一个公司的中高层经理，经常需要处理很多公司的事务，对于权力和控制非常看重,认为由于自己对于公司的事务有更多的了解和处理经验，自己应该在小孩的教育问题、家务的分配以及购物的责任等问题上有更多的话语权。,Lucy，Lucy是一个社工，一直倡导公平正义，并且在实践中不断努力。对于所有人的福利非常看重,认为每个家庭成员都应该平等地参与到决策中，每个人的意愿和建议都应该被平等地考虑，而不应该只有一个人主导决策。对于家庭中的各项事务，每个人都应该有责任参与和贡献。,夫妻,3,22,
婚姻/夫妻/恋爱/亲密关系,夫妻分工协作,安全,刺激,一方可能更看重稳定的生活，包括规律的工作时间和稳定的经济收入，而另一方可能更喜欢激动人心的生活，包括冒险的职业和不稳定的工作时间,夫妻二人都在北京一家大公司工作，因为疫情的原因，公司决定让员工选择在家远程工作或者在公司办公。决策的目的在于能更好的满足员工的工作需求，同时也能保证公司的经营。这个决策带来的分歧在于，弗兰克更看重家庭的稳定和安全，他认为在家工作可以避免在上下班途中被病毒感染，保证家庭的安全；而艾米丽则认为在公司办公更能得到刺激和挑战，这样可以提升自己的工作能力和社交能力。,弗兰克，一个负责任的父亲和丈夫。他总是把家庭的安全和稳定放在第一位,在家远程工作，以避免在上下班的途中被病毒感染，保证家庭的安全。,艾米丽，一个充满活力的母亲和妻子。她永远充满热情，喜欢接受新的挑战和刺激,选择在公司办公，认为这样可以得到更多的刺激和挑战，同时也能提升自己的工作能力和社交能力。,夫妻,1,23,
婚姻/夫妻/恋爱/亲密关系,养宠物决定,大同,慈善,决定养宠物可能会使人产生两种冲突的价值观,一对夫妻，约瑟夫和艾玛，在一次公园散步时发现了一个流浪狗。这个狗看起来可怜，同时也很友好。约瑟夫和艾玛都有爱心，他们亲近这只狗并决定是否把它带回家。然而，这个决定带来了他们之间的分歧。,约瑟夫，约瑟夫是一位环保主义者，长期从事环保行业。他关心环境，也关心动物的福利。他认为狗是人类的朋友，但同样也是生态系统的一部分,虽然收养这只狗可以立即解决它的问题，但这并不能从根本上解决流浪狗的问题。希望能推动更大范围的社区和政府层面上的改变，来改善所有流浪狗的状况。,艾玛，艾玛是一位社区工作者，她热爱社区，关心社区每一个成员的幸福。她常常为邻居提供帮助，并与他们建立了深厚的感情,希望能够收养这只狗。认为虽然一次性收养一只狗并不能改变所有流浪狗的命运，但对于这只狗来说，能找到一个温暖的家就是一次重生。,夫妻,3,24,
婚姻/夫妻/恋爱/亲密关系,养宠物决定,权力,传统,在一些文化或宗教中，人们可能不赞同或不接受养宠物（传统）,杰克和苏珊是一对新婚夫妇，他们都是独生子女，对婚后的生活有很多期待。近期他们移居到了一个新的社区，这个社区非常友好，对养宠物的家庭有一些优待政策，比如提供专门的宠物公园，和定期的宠物聚会等。杰克非常希望能在这个社区拥有一只属于他们的宠物，他认为养宠物能提升他们在社区的地位和社交圈子的宽度。然而，苏珊的家庭有着严格的传统观念，她的家族从未养过宠物，她认为养宠物并不符合她的家族习惯。,杰克，一位市场营销人员，对社交活动有着热情，希望能在社区中增加影响力,提出养宠物的想法，并准备做好各种筹备工作，以便尽快购买一只适合他们的宠物。,苏珊，一位小学老师，守旧，坚持家族的传统观念，认为生活应当平淡而有序,反对养宠物的决定，认为这不符合自己的家族习惯，并担心会打乱两人的生活规律。,夫妻,3,25,
婚姻/夫妻/恋爱/亲密关系,养宠物决定,安全,刺激,养宠物可以带来新奇和挑战，这种生活方式可能会为人们带来兴奋和乐趣（刺激）,杰克和艾米是一对新婚夫妇，他们正在决定是否需要养一只宠物狗。杰克从小就喜欢狗，他希望有一只宠物狗可以一起玩耍，带给他生活的新奇和挑战。然而，艾米对此表示担忧，她觉得养狗可能会给家庭带来一些安全隐患，比如让家里变得更脏，或者宠物狗咬伤人等问题。,艾米，一位谨慎细心的新婚妻子，她注重生活的安全和稳定,考虑到家庭的安全和清洁，拒绝养宠物狗。,杰克，一位热爱生活，寻求刺激的新婚丈夫，他热爱探索和尝试新事物,认为养宠物狗可以带给他乐趣和新奇，坚持决定要养狗。,夫妻,3,26,
婚姻/夫妻/恋爱/亲密关系,养宠物决定,自我导向,遵从,养宠物可能是一个表达个人独立性和自由选择的方式（自我导向）,两人都是热爱生活，追求快乐的年轻夫妻，他们正在考虑是否要养一只狗狗。这个决定的背景是他们的生活已经安定，希望有些新的变化和挑战。决策的目的是让生活更加充满乐趣和责任。然而，养狗狗的决定带来了分歧，因为他们对于养宠物的看法和期待有所不同。,James，他是一个独立思考，喜欢挑战和探索的人。对于他来说，养宠物是体现个人独立性和自由选择的方法,坚决支持家里养狗狗，希望有新的挑战和变化，认为这是一种自我实现和自我选择的方式。,Lily，她是一个遵守规则，比较守旧和保守的人。她喜欢稳定的生活，不喜欢有太多的变化。对于她来说，养宠物意味着要改变现有的生活模式和适应新环境的压力,反对养狗狗，担心养狗狗会打乱现有的生活模式，增加生活压力，认为应该遵守当前的生活规则。,夫妻,3,27,
婚姻/夫妻/恋爱/亲密关系,养宠物决定,享乐主义,成就,养宠物可以带来个人的快乐和感官满足（享乐主义），但同时也可能影响到个人的职业发展或其他领域的成功（成就），因为它可能要求投入大量的时间和精力,一对新婚夫妇，萨莉和杰克，正在决定是否养一只宠物狗。他们住在一个允许宠物的公寓里，但都拥有全职的工作。萨莉作为一名儿童心理咨询师，她的工作相对灵活，能够更好的照顾宠物。而杰克则是一名忙碌的企业律师，常常需要工作到很晚。萨莉希望养一只小狗，认为这对他们的生活将带来乐趣和欢乐。而杰克则担心养宠物会影响他的工作表现和他在事业上的成就。,萨莉，一个充满爱心和善良的儿童心理咨询师。她热爱生活，喜欢与人和动物保持亲密接触。她认为生活中的乐趣和满足感来源于生活的日常瞬间，如陪伴家人和朋友，或者与宠物玩耍,坚持要养一只小狗，认为这会为生活增添乐趣和欢乐，以及帮助自己松解工作的压力。,杰克，一名职业道路明确，工作认真的企业律师。他追求个人的职业成功，并且希望他的工作能得到社会的认可和尊重。他相信成功需要付出努力和时间，因此他对可能会干扰他工作的事物总是持谨慎态度,反对养小狗的决定，担心养宠物的责任会影响他的工作，从而妨碍自己在事业上的成功和成就。,夫妻,3,28,
婚姻/夫妻/恋爱/亲密关系,情绪管理策略,享乐主义,自我导向,个人的快乐或感官上的满足可能会导致过度的自我放纵，而这与追求思想和行为独立的自我导向产生冲突,新冠疫情的影响使得大部分人都在家工作，加之负面新闻的不断，导致了人们的情绪出现波动。在这个背景下，夫妻二人需要决定如何管理自己的情绪，以应对这个独特的时期。决策的目的是为了保持良好的精神状态，减轻压力，保持家庭的和谐。但是，他们在如何管理情绪上有些分歧，具体表现在是否应该通过享乐来缓解压力。,丽丽。丽丽是一个喜欢享受生活的人，总是用乐观的态度看待生活。在这个特殊时期，她觉得应该通过享乐来释放压力，例如烘焙、看喜剧电影、享受美食等,决定在工作之余尽情享乐，通过积极的方式来缓解压力，例如做一些自己喜欢的事情，来保持一个良好的精神状态。,明明。明明是一个理性的人，总是认为应该通过自我控制来管理情绪。在这个特殊时期，他认为规律的生活，自我调适是应对压力的方式，如适当的运动、冥想等,决定遵循自己的日常规律，进行适量的运动，进行冥想，规律的作息，以此来调整和保持自己的情绪。,夫妻,1,29,
婚姻/夫妻/恋爱/亲密关系,情绪管理策略,成就,遵从,追求个人成功和有影响力可能会导致过度的竞争心态和压力，这可能会违背社会期望和个人的自我约束，从而与遵从的价值观产生冲突,一对夫妻面临着一个重要决策：是否接受一个工作调动的机会，这个调动意味着他们需要离开现在的城市，搬到一个全新的环境，在那里，丈夫有更多的晋升机会和挑战，有可能会提高他的社会地位和声望。然而，这个决定也带来了决策分歧，因为这既要求他们改变生活方式，也要面对搬家的压力和不确定性。,丈夫，约瑟夫，他是一位有抱负且工作热诚的律师。他渴望成功并为此努力工作。他看重个人成就，有追求更大社会地位和回报的愿望,选择接受这个工作调动的机会，认为这是他提升自己、追求成功的好机会。认为虽然这个决定会带来一些挑战和压力，但相信两人可以共同克服。,妻子，艾玛，她是一位敬业的小学教师。她珍视现有的生活方式和稳定性，更倾向于避免冲突和问题。她重视社会期望和自我约束，倾向于保持现状并注重和谐,希望留在当前的城市。担心搬家会打乱生活节奏，给他们带来压力和不确定性。愿意放弃这次调动的机会，以维持现有的安稳生活。,夫妻,3,30,
婚姻/夫妻/恋爱/亲密关系,情绪管理策略,刺激,安全,追求生活中的新奇和挑战可能会带来一定的风险，这可能会威胁到个人和社会的安全，从而与安全的价值观产生冲突,一对已婚夫妻面对一个是否应该辞职创业的决定，这一决定的背后隐藏着强烈的情绪因素。他们都很希望能找到自己深爱的工作，同时也想维持稳定的生活状态。这一决定可能会导致他们的生活发生重大变化，带来未知的风险。,杰克，一个有冒险精神的人，乐于接受挑战，追求刺激和新奇，愿意尝试新的事物，希望能通过自己的努力实现事业的突破,坚定地决定辞职创业，坚信只有通过尝试新的挑战和接受未知的风险，才能找到真正的快乐和满足，追求刺激，期待新事物带来的冒险和挑战。,琳达，一个稳重的人，重视家庭安全和稳定，不愿意冒无谓的风险，希望通过持之以恒的努力维持稳定的生活状态,认为辞职创业风险太大，可能会给家庭带来经济压力，甚至可能破坏原有的生活稳定。更愿意选择保守的路线，维护现有的生活秩序和稳定。,夫妻,3,31,
婚姻/夫妻/恋爱/亲密关系,情绪管理策略,传统,慈善,尊重和接受传统的习俗和理念可能会限制个人的独立思考和创新，这与追求思想和行为独立的自我导向价值观产生冲突,一对夫妻，Jessica和Tom正在争论他们的儿子应该如何处理学校生活中的压力和负面情绪。Jessica认为遵循传统观念，他们的儿子应该学会压抑自己的负面情绪，强制自己适应学校生活；Tom却认为他们应该鼓励儿子表达自己的情绪，并寻找适合自己的应对方式。,Jessica，一个善良且传统的母亲。她相信传统的观念和道德，认为通过这种方式可以让孩子更好的适应社会,认为儿子应该学会压抑自己的负面情绪，适应学校生活。认为这样才能让孩子更好的融入社会，不被孤立。,Tom，一个思维开放且注重个性发展的父亲。他认为每个人都应该有自己的生活方式，包括如何处理自己的情绪,鼓励儿子表达自己的情绪，不应该强迫他去遵循传统意义上的处理方式。认为这种方式可以让孩子更好的了解自己，对自己的情绪有更好的掌控。,夫妻,3,32,
婚姻/夫妻/恋爱/亲密关系,社交活动参与,大同,权力,在社交活动参与的决策场景中，如果一个人过于追求社会地位和声望，即过分强调“权力”的价值观，他可能会不顾其他人的感受，而牺牲“大同”价值观中的公平、公正和和谐,社交活动参与的决策发生在一次年度慈善晚会的组织过程中。这次晚会的目的是为了筹集资金，帮助那些贫困地区的孩子接受教育。然而，活动的组织形式和参与人员的选择引起了一些分歧。,艾米丽，一位慈善家，也是该慈善晚会的共同组织者。她始终坚信每个人都应尽自己的一份力，为社会公正和福祉做出贡献。她对世界和平、保护环境和社区福祉充满热情,主张活动应尽可能包含更多的社区成员参与，这样不仅可以筹集更多的资金，还能提高公众对此问题的认识。不论出身和社会地位如何，每个人都应有机会参与并做出自己的贡献。,约瑟夫，一位成功的商人，也是该慈善晚会的共同组织者。他相信社会地位和声望的重要性，并认为这是衡量一个人成功的重要标准。他希望能够通过这次活动提升自己的社会地位和声望,活动应邀请一些社会地位高，有影响力的人，因为他们的参与能提高活动的曝光度，同时也能提升自己的社会地位。,伙伴,3,33,
婚姻/夫妻/恋爱/亲密关系,社交活动参与,慈善,自我导向,如果在婚姻或恋爱关系中，一个人过分注重自我导向，即追求自由、独立和个人目标，可能会忽视对伴侣的关怀和帮助，从而与“慈善”的价值观相冲突,决策社交活动参与的背景在于，朋友邀请两位角色参加一个周末的烧烤聚会，决策的目的是决定他们是否一起参加。但这个决策却带来了分歧，因为这个周末角色R2已经计划了一个他个人的摄影项目。,Anna，一个喜欢社交并总是愿意帮助他人的人，慈善是她的主导价值观。,应该一起参加烧烤聚会，因为这不仅会满足自己的社交需求，并且可以帮助朋友们加深对丈夫的了解，从而提高朋友圈子的和谐性。,Tom，他是个摄影爱好者，他的价值观主导是自我导向，他喜欢独立决策并追求个人兴趣。,认为可以各自做各自的事，自己本周末已经计划了一次个人的摄影项目，想去偏远的地方拍摄自然风景。,夫妻,3,34,
婚姻/夫妻/恋爱/亲密关系,社交活动参与,传统,刺激,一方面，人们需要尊重和接受文化或宗教的传统，而另一方面，他们也希望生活中有新鲜事物和挑战,夫妻双方都是高级职员，担任重要职务，经常需要参加各种应酬和社交活动。社交活动的参与在他们的生活中变得越来越频繁，他们需要决定是否继续这样高频度的社交活动参与。决策的目的在于找到一个平衡点，既能满足工作需求又能让生活有条不紊。然而，对于这个决策，他们有着不同的观点。,Mark，他是一位注重家庭生活的人，认为家是一个人的避风港，而且他非常尊重和遵从传统的生活方式和观念，他希望能有更多时间和家人在一起，享受传统的家庭生活,决定减少参与社交活动的频率，更多地把时间和精力放在家庭和个人的生活上。,Linda，她是一位充满活力和冒险精神的女性，乐于接受新鲜事物，热衷于参加各种社交活动，认为这样的生活方式既能提升自身的视野和能力，又能增强与他人的联系,继续积极参与社交活动，认为这样的生活充满了刺激和挑战，可以增加更多的人脉和机会。,夫妻,1,35,
婚姻/夫妻/恋爱/亲密关系,社交活动参与,享乐主义,遵从,在社交活动参与中，如果过于追求个人的快乐和感官满足，可能会违背社会期望和行为规范，因此“享乐主义”与“遵从”的价值观可能产生冲突,今晚有一个社交活动，该活动由公司主办以加强员工之间的关系和建立团队凝聚力。活动的类型是舞会，包括音乐、舞蹈和酒精。决策的目的是确定是否参加以及如何参与这个社交活动。由于活动的性质和未知的可能结果，参加这个活动可能会带来分歧。,萨拉，她是一个热爱生活，爱寻求快乐和乐趣的人。她的个性无拘无束，喜欢享受生活中的每一个时刻,决定参加社交活动，并尽情享受音乐、舞蹈和酒精带来的乐趣，认为这是享受生活的方式，也是公司社交活动的意义所在。,乔治，他是一个严肃正直的人，总是注重规矩和礼节，他相信社交活动是一个展示自我，增强关系和团队凝聚力的场合，而不应过分关注个人的快乐,参加社交活动，但将保持适当的行为和仪态，并尽量避免过于放纵。强调遵守一定的规则和礼节，以展示自己对公司和他人的尊重。,夫妻,1,36,
婚姻/夫妻/恋爱/亲密关系,社交活动参与,安全,刺激,在婚姻或恋爱关系中，追求冒险和变化的生活可能会对个人和家庭的稳定产生威胁，从而与“安全”的价值观冲突,David和Lucy是一对新婚夫妻。他们都是初次参加他们的公司年度晚会。晚会不仅是一次聚会，也是一个社交的场合，有可能对他们的事业发展产生影响。因此，他们面临的决策是应该在晚会上与前辈和领导们互动，还是应该保持低调。,David，是一名务实的人，他重视家庭和稳定的生活，他多年的专心工作让他在公司内有一定的影响力,决定在晚会上保持低调，认为过于活跃可能会引起不必要的注意，而且可能会对自己的工作稳定产生负面影响。,Lucy，是一名积极的人，她怀有冒险精神，并且有着追求新奇和刺激生活的愿望。她新入公司，希望通过这次晚会展现自己，争取更多的机会,在晚会上尽情与人互动，认为这是向公司前辈们展示自己的一次极好的机会，即使可能会引起一些不必要的麻烦，也愿意承担。,夫妻,1,37,
婚姻/夫妻/恋爱/亲密关系,沟通方式选择,安全,刺激,同样，一个人可能渴望稳定和和谐的关系（例如，不愿意引发争吵，避免冲突）与寻求新奇和挑战（例如，愿意探讨深入的、可能引发冲突的话题）之间的冲突,长期以来，夫妻二人都在一家跨国公司工作，他们的工作显然是高风险、高压力的。最近，他们公司提出一个新的项目，需要征求员工的参与。该项目职位有限，员工需要与同事竞争。这个项目可能会让公司市值大增，对于参与的员工职业生涯也是一个飞跃。然而，这个项目非常艰难，需要投入大量的时间和精力，甚至可能会影响到家庭生活。这就是他们需要做出决策的背景和目的。他们夫妻二人对于是否参与这个项目发生了争论。,John，是一位对家庭负责的男人，总是把家庭的稳定和融洽放在第一位。他觉得家庭的稳定和快乐比职业成功更重要,决定不参与这个项目。觉得家庭生活的稳定和愉快比职业成功更重要。不愿意冒险牺牲家庭生活去追求职业上的飞跃。,Linda，是一位富有冒险精神的女人，她热爱她的工作，总是寻求新的挑战和机会。她愿意冒险，不怕困难和挑战，她认为这样的生活才更有刺激和乐趣,参与这个项目。觉得这是一个难得的机会，可以挑战自己，也可以使自己在职业生涯上有所突破。愿意接受这个挑战，即使这会影响到家庭生活。,夫妻,1,38,
婚姻/夫妻/恋爱/亲密关系,沟通方式选择,权力,慈善,在亲密关系中，可能存在一个人追求社会地位和声望、资源的控制（例如，决定家庭的经济和社会活动），与追求维护和提高伴侣福利（例如，考虑伴侣的想法和感受，尊重其决定）之间的冲突,两个人已经结婚多年，并有一个稳定的家庭生活。最近，他们有了一个机会去国外工作和生活。这个决定意味着改变他们的生活方式，包括工作环境、朋友圈子和生活习惯。这个决策可能也会影响他们的孩子的教育和成长环境。,约瑟夫。约瑟夫是一个律师，现在有一个机会在国外一家大型法律公司工作。他坚信，这个机会会提高他的社会地位和声望，对他的职业生涯有很大帮助,认为应该抓住这个机会，即使这意味着需要搬家，改变生活习惯和环境。认为去国外工作会提高他的社会地位和声望，对自己和家庭的未来有好处。,萨拉。萨拉是一名社工，她很在乎和她熟识的人的福利。她担心这次搬家会影响他们的孩子和朋友们,提议他们应该留在原地，继续现在的生活。认为虽然这个机会可能对约瑟夫的职业有好处，但是这个改变会对孩子和朋友产生不好的影响。,夫妻,3,39,
婚姻/夫妻/恋爱/亲密关系,沟通方式选择,享乐主义,遵从,可能出现一个人追求个人的快乐或感官上的满足（例如，做自己喜欢做的事，追求个人的兴趣和爱好），与对行为、喜好和伤害他人或违背社会期望的倾向加以限制（例如，牺牲自己的兴趣和爱好，为了维持家庭和谐或避免伴侣的不满）之间的冲突,John和Mary是结婚10年的夫妻，他们有两个孩子。最近John在工作上遭遇了巨大的压力，为了释放压力，他想要参加一个每周都需要投入considerabletime的吉他俱乐部，希望通过这种方式找回自己的快乐。然而，这意味着他在家庭中的时间将大大减少，而这正是家庭需要他的时候。他们需要决定是否同意John的决定。,John，一个工作繁忙的上班族，他热爱音乐，尤其喜欢弹吉他。他总是找时间尽量享受自己的爱好，这对他来说是一种减轻工作压力的重要方式,决定参加吉他俱乐部，认为这是自我释放，找回生活乐趣的最佳方式。相信只有自己快乐了，才能带给家庭更多的快乐。,Mary，家庭主妇，也是两个孩子的母亲。她是个很负责任的人，总是把家庭放在第一位。她坚信一家人需要共同面对问题，尤其是在困难时期,反对John参加吉他俱乐部，认为这是逃避家庭责任，对孩子们的成长产生负面影响。John应该在家投入更多时间，与家人共度难关。,夫妻,3,40,
婚姻/夫妻/恋爱/亲密关系,亲友援助问题,成就,慈善,在亲友援助问题中，个人可能面临将个人的时间和精力投入到提高自己社会地位和职业成就，还是投入到帮助和关心亲朋好友的选择上，前者体现了成就价值观，后者体现了慈善价值观,最近，公司给出一个重要的项目负责人的机会，这意味着提升社会地位和职业成就的可能，但是同时这个项目会占据大量的精力和工作时间。在此期间，R1和R2的共同朋友（也是R1的大学室友）John遭遇了严重的健康问题，需要有人长期陪伴并照顾他。R1和R2面临同样的决策，是要抓住成就生涯里程碑的机会，还是要全心投入到照顾朋友的事情中去。,Tom，一直是一个对成就有着极高追求的人，喜欢挑战并有着极高的抱负。他是公司的高级管理人员，一直希望可以有一个自己主导的项目,决定抓住这个机会，接受项目负责人的位置，并尽自己最大的努力来平衡工作和关心朋友的时间。,Lily，是一个非常善良和有同情心的人，她总是愿意去帮助她的朋友，以此为自己的快乐。她是一个自由职业者，对自己的时间有完全的掌控,牺牲自己的工作，每天去医院照顾John，相信友情和关心朋友的重要性。,夫妻,1,41,
婚姻/夫妻/恋爱/亲密关系,亲友援助问题,自我导向,遵从,在亲密关系中，维持亲密关系的稳定可能需要遵守某些社会习俗和人际交往的规则，这体现了遵从的价值观；然而，这可能与个人对于自由、独立及自我表达的追求相冲突，后者体现了自我导向的价值观,朱莉和约瑟夫是一对刚结婚的夫妻。他们在城市中工作，然而，约瑟夫的父亲在农村生病，需要有人照顾。约瑟夫是家里的独子，因此，这个照顾老人的责任就落在他的肩上。然而，朱莉希望他们能继续在城市工作，不希望影响他们现有的生活状态。,朱莉，朱莉是一个独立且充满志向的女性，对工作充满热情，在职业生涯中有着明确的规划和目标。朱莉倾向于追求自我价值的实现，更加注重当前的生活质量和工作状态，认为应该根据个人的愿望做出决定,倾向于在城市中找专业的护工来照顾约瑟夫的父亲，这样可以在城市中继续生活和工作。,约瑟夫，约瑟夫是一个恪守传统的男性，非常尊重家庭义务，认为照顾年老的父亲是他的责任。他的决策往往受到社会期望和家庭义务的影响,认为应该放下城市的生活，回到农村去照顾父亲。,夫妻,3,42,
婚姻/夫妻/恋爱/亲密关系,亲友援助问题,享乐主义,传统,在恋爱关系中，个人可能追求刺激和快乐，这体现了享乐主义的价值观；但这可能与遵守传统文化或宗教对于恋爱和性行为的规范相冲突，后者体现了传统的价值观,一对已婚夫妇，他们的朋友，一个年轻的单身男性，正在经历一段困难的时间，并向他们寻求援助。他没有住的地方，并请求在他找到新住处之前能住在他们家里。这个决策在夫妻之间产生了分歧。,克里斯，克里斯是一个乐观的人，总是寻找生活中的乐趣和快乐，他善于社交，很喜欢与朋友们在一起,认为帮助朋友是一种乐趣，并且认为通过这样的方式，可以吸引更多的朋友来家里，让生活更加有趣。,艾米，艾米是一个遵守传统的人，她尊重家庭的隐私并且坚信家庭应该是一个安静和谐的地方,觉得家应该是提供安宁的地方，而非朋友的临时住所。认为应该尊重家庭的隐私，并且坚信朋友应该自己解决自己的问题。,夫妻,3,43,
婚姻/夫妻/恋爱/亲密关系,亲友援助问题,刺激,安全,在婚姻关系中，个人可能希望生活充满新奇和挑战，这体现了刺激的价值观；但这可能与对家庭和关系稳定的追求相冲突，后者体现了安全的价值观,约瑟夫和丽莎是一对已婚夫妻。他们的朋友杰克因为公司破产找他们借钱，想要投资一个新的高风险但可能高回报的项目。约瑟夫和丽莎有一些积蓄，但他们也需要考虑这个决策可能会对他们的经济状况产生影响。,约瑟夫，是一个喜欢追求刺激和新奇的人，他喜欢冒险和尝试新事物,决定借钱给杰克，觉得这是一个新的刺激的机会，如果杰克成功了，他们也可以从中获利。,丽莎，是一个喜欢稳定和安全的人，她更在乎保护自己和家人的生活不受破坏,反对借钱给杰克，认为这是个风险太大的投资，有可能会影响到生活安全。,夫妻,3,44,
婚姻/夫妻/恋爱/亲密关系,亲友援助问题,权力,大同,在夫妻关系中，一个人可能希望在这种关系中具有更大的控制权和权威，这体现了权力的价值观；但这可能与追求平等、互相理解和包容的价值观――大同相冲突,乔治和艾玛是一对夫妻，他们共同拥有一家餐馆。最近，乔治的弟弟因为一次生意失败而陷入了财务困境，希望得到乔治和艾玛的帮助，乔治也愿意帮忙。然而，这家餐馆是他们两人的共同财产，因此，他们需要共同决定是否援助乔治的弟弟。,乔治，一个典型的实干家，坚信社会地位和权威的重要性。他一直以来都是家庭的主要决策者，善于掌控和管理资源,希望出资帮助弟弟，这样一来，自己的地位和声望会得到提高，弟弟也会更加尊重自己的权威。,艾玛，一位深思熟虑的女性，关心每一个人的福利，积极推动大家和睦相处。她一直坚信公平和和谐的重要性,想帮助乔治的弟弟，然而更希望这个援助是公平和合理的，而不是仅仅为了增加乔治的社会地位和声望。他们将援助作为贷款给乔治的弟弟，并制定详细的还款计划来确保贷款的回收。,夫妻,2,45,
婚姻/夫妻/恋爱/亲密关系,婆媳关系处理,大同,自我导向,母亲可能希望儿媳能更多地追求家庭和群体的福利（大同），而儿媳可能想要保持自我独立性，追求个人价值和满足（自我导向）,决策问题是关于儿子和儿媳是否应该每周去公婆家吃晚餐。公婆希望能每周定期聚餐，一家人围坐一起，增进感情。但儿媳由于工作压力大，希望周末能有更多的自我时间进行放松和充电。,李阿姨，儿子的母亲。她是个传统的家庭主妇，重视家庭和谐，希望家人常聚首在一起,主张每周都要一起吃饭，坚持认为这是增进家庭感情的重要方式，家庭团结和谐就是最大的福气。,小陈，李阿姨的儿媳。她是个职业女性，工作压力大，强调个人空间和休息时间,觉得每周的聚餐过于频繁，自己需要更多的时间来放松和休息，希望能减少聚餐的频率，或者可以选择在特定的节日或者家庭重要日子才一起聚餐。,婆媳,3,46,
婚姻/夫妻/恋爱/亲密关系,婆媳关系处理,传统,刺激,在处理婆媳关系时，可能会有人坚持遵循传统的方式（传统），而有人可能希望尝试新的、刺激的处理方式（刺激）,夫妇两人都是独生子女，他们的母亲现在住的同一屋檐下。婆婆和媳妇之间时常因为生活琐事产生冲突，夫妇两人均感到了压力。决策的目的是为了找到一种合理的方式来解决婆媳关系问题，避免家庭争吵，创造和谐的家庭氛围。然而，他们在处理婆媳关系时产生了分歧。,小明，职业为教师，是一个比较传统的人，认为家庭和睦、孝顺老人是中华文化的重要部分,认为应该遵循传统，尊重和理解年长的婆婆，尽可能地满足她的需求和期待，同时，认为媳妇应该尽自己最大的努力去适应和处理和婆婆的关系。,小华，小明的妻子，工作在一家创新型公司，较为开放，喜欢尝试新事物,应该尝试一些新的方法来解决问题，例如家庭心理咨询。认为这样可以让每个人都了解各自的情绪和期待，然后共同找到平衡点。,夫妻,3,47,
婚姻/夫妻/恋爱/亲密关系,婆媳关系处理,遵从,成就,儿媳可能会被期望遵守家庭规则和期待（遵从），而她本人可能在个人职业或生活中追求成就，可能会牺牲一定的家庭角色,最近，李家出现了一些家庭纷争。这个问题源于李太太，她是家庭的儿媳，经常在做完公司的工作后还要来做家务事。这使得她感到压力很大，无法在工作和家庭之间找到平衡点。李太太觉得自己的公司表现和家庭角色都受到了影响，希望可以找到一个解决办法。然而，李太太的婆婆，觉得儿媳应该听从家庭规则，回到家后做家务是儿媳的责任。,李太太的婆婆，李太太的婆婆是一个传统的家庭主妇，她认为家庭规则和家庭的稳定是最重要的。因此，她坚持认为儿媳应该听从家庭规则，负责家务事,坚持自己的立场，认为儿媳应该听从家庭规则，回家后做家务是儿媳的责任。,李太太，李太太是一个热衷于工作的女性，她认为个人的职业成功和成就是非常重要的。她希望在家庭和工作之间找到平衡，认为自己应该有更多的时间来专注于工作,决定和婆婆进行沟通，并寻求家庭的理解和支持，希望可以有更多的时间来专注于工作，以便于取得更大的职业成就。,婆媳,3,48,
婚姻/夫妻/恋爱/亲密关系,婆媳关系处理,安全,享乐主义,在处理婆媳关系时，为了维护家庭的和谐稳定（安全），可能需要牺牲个人的快乐和满足（享乐主义）,Emma和Sarah是一对恋人，两人已经订婚，准备结婚。然而，Emma的母亲对Sarah持负面看法，对她的工作、家庭背景等各方面都提出批评。Emma过于谨慎，总是想着如何平衡与母亲以及与Sarah之间的关系，保持家庭的和谐。而Sarah则认为她们的婚姻应该是建立在彼此的快乐和满足上，而不应该受到Emma母亲的负面影响。,Emma。Emma是一个十分尊重家庭，特别在意家庭和谐的人。她承担起了调解母亲和Sarah之间关系的任务，期望能为大家创造一个温馨的家,决定和母亲进行深入的沟通，解释Sarah的优点，试图改变母亲对Sarah的负面看法。,Sarah。Sarah是一个魅力四溢、热爱生活的人，对她来说，最重要的就是能和Emma快乐的生活，享受两人之间的甜蜜,决定跟Emma进行沟通，让Emma明白婚姻应该以他们自己的快乐为主，而不应该过分顾忌Emma的母亲的意见。,恋人,3,49,
婚姻/夫妻/恋爱/亲密关系,礼物选择,慈善,自我导向,一方面，你可能想要选择一份礼物，因为你知道这将会使你的另一半非常高兴（慈善），但另一方面，你也可能想要选择这份礼物是因为你特别喜欢或者认为这个礼物才能反映你的独特品味（自我导向）,今天是他们结婚纪念日，他们彼此打算选择一份礼物来庆祝。这个决策的目的就是表达对对方的深深的爱意，同时也希望对方能够充分享受这个礼物。然而，他们对于礼物选择的理念却产生了分歧。,玛丽，一个体贴入微的妻子，善于察言观色，始终把丈夫的需求放在心中,知道丈夫已经很久没有时间去打高尔夫了，但他非常喜欢这项运动。因此，决定为他买一套新的高尔夫球杆，希望他能抽出时间去做他喜欢的事。,汤姆，一个独立思考的丈夫，注重个人风格和品位，他认为礼物应该能体现送礼人的独特性,决定为玛丽买一对定制的耳环，认为这不仅能体现自己的高品味，也能让玛丽感受到用心和对她的独特欣赏。,夫妻,1,50,
婚姻/夫妻/恋爱/亲密关系,礼物选择,传统,刺激,你可能会纠结于选择一份符合传统的礼物（例如钻石戒指或者手表）还是选择一份非常刺激且新奇的礼物（例如跳伞体验）,鲍勃和琳达的婚礼纪念日即将到来，他们决定为彼此选择一份特殊的礼物。然而，他们对于礼物的选择产生了分歧。,鲍勃，一个严肃、传统且深思熟虑的人。他非常尊重文化习俗且倾向选择具有象征意义的礼物,决定为琳达选择一款精美、历史悠久且具有深厚文化内涵的手链，这在文化中代表着爱情和纪念。,琳达，一个喜欢冒险、求新求异且充满好奇心的人。她总是寻找一些新奇和有趣的事物,决定为鲍勃安排一次惊喜的热气球之旅，让他们享受这个特殊的日子，并为婚礼纪念日创建新的回忆。,夫妻,1,51,
婚姻/夫妻/恋爱/亲密关系,礼物选择,权力,享乐主义,如果你想通过送礼的方式来展示你的社会地位或财富（权力），那么你可能会选择一份昂贵的礼物；然而，如果你更注重享受生活和追求个人快乐（享乐主义），你可能就会选择一份能够让你和你的另一半一起享受的礼物，比如度假,临近结婚纪念日，夫妇二人正在为给对方选购礼物而犹豫不决。丈夫威廉是一位富商，希望通过送豪华的礼物来展现他的社会地位和财富；妻子玛丽却是一个追求享受生活和感官满足的女人，她希望丈夫能给她一个能共享快乐的礼物，例如一次浪漫的旅行。,威廉，是一名成功的商人，他一直非常注重社会地位和声望，并乐于展示自己的财富,决定为玛丽购买一枚价值不菲的钻石项链以展示自己的社会地位和财富。,玛丽，一名热爱生活，享受当下的女人。她善于发现生活中的小美好，热衷于追求个人的快乐和感官上的满足,建议威廉一起去一次浪漫的旅行，共享快乐的时光，而非昂贵的物质礼物。,夫妻,3,52,
婚姻/夫妻/恋爱/亲密关系,礼物选择,安全,大同,你可能想要选择一份对环境友好的、可持续的礼物（大同），但同时也担心这样的选择可能不安全或者不被接受（安全）,即将举行他们的五周年结婚纪念日的夫妻，正在争论他们应该送给对方什么礼物。他们希望这个礼物能代表他们的爱和对彼此的承诺，但是他们的观点又有一些分歧。,约瑟夫，他是一名务实的结构工程师，非常注重安全和稳定。他认为生活中的每一个决策，都需要考虑到可能带来的风险和后果,想要选择一款夫妻都能使用，且品质有保证的瑞士手表作为礼物。觉得这样的礼物不仅能够体现出自己对妻子的爱，还能保证安全无忧。,玛丽，她是一名环保活动人士，非常关注社区和环境的福祉。她认为在生活中的每一个决策，都需要考虑到对环境和社会的影响,想要选择一次两人一起种植一棵树的活动作为礼物。认为这样的礼物不仅表达了两人的爱，同时也是对环境的贡献和保护。,夫妻,1,53,
婚姻/夫妻/恋爱/亲密关系,爱情表达方式,自我导向,遵从,在亲密关系中，一方可能强烈地追求独立和自由（自我导向），而另一方可能更希望其遵从约定俗成的规则或期望（遵从）,马丽和约翰是一对恋人，已经交往了两年，他们关系稳定且亲密。然而，在爱情表达方式上，他们有些分歧。马丽希望他们的爱情更加独立和自由，而约翰却希望遵循传统的恋爱表达方式。他们的目的都是希望能在一起，但这种分歧可能会影响他们的关系。,马丽。马丽是一个喜欢控制自己生活，追求独立和自由的女性,决定表达自己的想法，希望他们的恋爱关系更加独立，不过分受社会规则和传统的束缚。,约翰。约翰是一个比较传统的人，他相信并遵循社会规则和期望,坚持认为两人应该遵循传统的恋爱表达方式，包括接受社会的约束和期望。,恋人,3,54,
婚姻/夫妻/恋爱/亲密关系,爱情表达方式,慈善,权力,一个人可能认为他们应该牺牲自己的需求或期望以满足伴侣的需求（慈善），而另一方可能更加倾向于控制或主导关系（权力），这种情况可能会产生冲突,一对夫妻，Jack和Emma在决定他们的周末计划。他们都有自己的想法，Jack想要一起去参加一场公益活动，而Emma希望能够到她的朋友家参加一场派对，这样可以提升她在朋友圈的社会地位。目前他们在这个决策上有所分歧。,Jack，他是一名非常心地善良的人，总是乐于帮助别人，并且喜欢参与到公益活动中来，希望能够为社会做出自己的贡献,应该去参加公益活动，因为那样可以帮助到需要帮助的人，这样做可以让自己感到满足和快乐。,Emma，她是一位非常有社交需求的人，对自己在社交圈子中的地位非常看重，她喜欢在朋友面前展示自己的生活,应该去参加朋友家的派对，因为在那里，可以提升自己的社会地位和声望，让更多的人认可自己。,夫妻,3,55,
婚姻/夫妻/恋爱/亲密关系,爱情表达方式,享乐主义,传统,在爱情表达方式上，一方可能寻求新奇的体验和快乐（享乐主义），而另一方则可能坚持传统的爱情表达方式（传统），此时就可能产生价值观冲突,他们的结婚纪念日即将到来，为了庆祝这个特殊的日子，他们希望以一个独特和难忘的方式来表达他们彼此的爱意。但是，对于如何表达这种爱意，他们有着不同的看法。,乔治，一个生活在当下，享受生活的男人，总是追求新奇和快乐。他喜欢尝试新事物，寻求刺激和快乐，在他的眼中，每一天都是新的、值得庆祝的,认为应该进行一个疯狂而令人难忘的冒险，比如去跳伞，或者进行环球旅行。相信这样的庆祝方式会让两人的爱更加深入人心，增加情感纽带，并且是一个值得铭记的经历。,艾米，一个尊重传统，倾向于保守的女人。她认为传统习俗是社会和家庭的基石，在她的眼中，传统的庆祝方式才是真正的表达爱意的方式,应该回到两人第一次相遇的地方，重新演绎爱情故事，或者在家里安静地度过这个特殊的日子。这是最真实和最有意义的庆祝方式，可以让他们更深刻地感受到这份爱。,夫妻,3,56,
婚姻/夫妻/恋爱/亲密关系,爱情表达方式,成就,大同,如果一个人过于追求个人的成就（成就），可能会忽视伴侣或者关系的需要，而过分强调为了所有人类和自然的福祉（大同）可能会使个人在关系中感觉被忽视或牺牲，从而产生冲突,Tom和Sally是一个恋爱中的情侣，他们正在决定如何度过接下来的假期。Tom希望能够利用这段时间去进行他个人的项目，从而提升个人能力和声望；而Sally则希望他们能够一起去参加一项环保志愿者服务活动，为社区和地球做一些实质性的贡献。这个决策给他们的关系带来了压力和冲突。,Tom，是一个充满抱负和理想的年轻人，始终追求个人的成就和成功,决定投入自己的个人项目，认为这将对自己的未来事业有极大的帮助，并会带来满足感和成功感。,Sally，是一个极其关爱社区和环境的女性，她总是善良、乐于助人和富有同情心。她坚信每个人都应该为公平和和平的世界出一份力,参与环保志愿者服务活动，认为这是为了大家的利益和福祉，这将使自己感到满足和有意义。,恋人,1,57,
婚姻/夫妻/恋爱/亲密关系,配偶生日庆祝方式,成就,享乐主义,一方可能更看重庆祝活动的规模和成功度（成就），希望这个生日派对能让所有参与的人都记住，从而提高自己的社会地位和声望,娜塔莉的生日即将到来，艾伦和她决定来个特殊的庆祝方式。艾伦希望打造一个盛大的生日派对，把这个庆祝活动做成当地社区的年度焦点。娜塔莉则希望和艾伦享受一个轻松愉快的晚餐，然后喝一杯香槟，看一部好电影，简单而快乐，二人之间因此产生了分歧。,艾伦，一个在社区有影响力的男人，喜欢社交和组织活动，对待生活非常有成就感,决定联络所有朋友和社区的人，计划一个大家永生难忘的派对，以此庆祝娜塔莉的生日。认为这样他们可以提高自己的社会地位和声望，也让娜塔莉的生日变得非常特别和难忘。,娜塔莉，一个性格开朗、热爱生活的女人，喜欢简单、安逸的生活，对待生活充满了享受和热情,坚持希望自己的生日是一个轻松愉快的晚餐，只有她和艾伦两人，互诉心意，享受二人世界，这对自己来说是最大的快乐和满足。,夫妻,3,58,
婚姻/夫妻/恋爱/亲密关系,配偶生日庆祝方式,权力,慈善,如果一方更倾向于展示其社会地位，可能会选择在昂贵的餐厅举办生日聚会或请众多朋友参加（权力）,年轻的夫妇，汤姆和凯特，正在计划汤姆的下个生日聚会，背后的目的是让汤姆在他的朋友圈里感到特别和受尊重。然而，他们在如何庆祝上有分歧。汤姆希望举办一场盛大的派对，邀请所有的朋友和同事，以展示他的社会地位和影响力。而凯特则希望他们两人一起安静地度过，以此表达她对汤姆的爱和关怀。,汤姆，一个务实且有抱负的年轻男子，他在商界努力工作以提升自己的社会地位和影响力。他喜欢向人们展示他的成功和成就,举办一场盛大的派对，邀请所有的朋友和同事，以此展示自己的社会地位和影响力。,凯特，是个热爱家庭且善良的女人，她经常为别人着想，特别是她的丈夫汤姆。她的主要愿望是亲手做一顿汤姆最喜欢的饭菜，用这种方式表达她对他的爱和关怀,建议以一个安静的家庭晚餐来庆祝汤姆的生日，以此表达对他的爱和关怀。,夫妻,3,59,
婚姻/夫妻/恋爱/亲密关系,配偶生日庆祝方式,传统,自我导向,一方可能希望按照传统的方式来庆祝生日，例如做生日蛋糕、送花等（传统）,DS-明天是玛丽的生日。理查德想为她准备一个特别的生日庆祝，让她感到开心和被爱。但是他们对庆祝方式有分歧，理查德认为应该按照传统的方式-做生日蛋糕、送花，而玛丽希望能够体验一些新的并且充满个人色彩的庆祝方式。,-理查德，-一个尊重传统，照顾他人的丈夫。他喜欢按照固定的规则和传统行事，认为它们能带来安稳和乐趣,决定为玛丽做生日蛋糕，并且给她送上一束玫瑰花，认为这是一种表达爱意的传统方式。,-玛丽，-一个热爱自由，追求创新的妻子。她喜欢探索新事物，追求个人的快乐和满足,更希望能够在生日那天去户外冒险，或者尝试一次热气球之旅，这样的庆祝方式更能满足自己的个人欲望。,夫妻,3,60,
婚姻/夫妻/恋爱/亲密关系,配偶生日庆祝方式,安全,刺激,一方可能更倾向于在家里庆祝生日，希望在熟悉、舒适的环境中享受温馨的时光（安全）,配偶生日快到了，面临如何庆祝的决策。丈夫希望能在家里安静地庆祝，做一顿美餐，享受家庭的温馨。而妻子觉得每年都在家过太无聊，希望能出去旅行，过一个刺激的生日。,丈夫，名叫杰克，工作稳定，性格内向，喜欢安静的生活,坚持在家里安静地庆祝，进行美食制作，享受家庭的温馨。,妻子，名叫莉莉，性格开朗活泼，喜欢探索新鲜事物,坚持出去旅行，尝试新的事物，过一个刺激的生日。,夫妻,3,61,
婚姻/夫妻/恋爱/亲密关系,配偶生日庆祝方式,遵从,刺激,一方可能希望在庆祝生日时遵守社会的一些惯例，比如举办生日派对，送生日蛋糕（遵从）,马上就是角色R1的生日，他们的婚姻已经走过了五个年头。在这个特殊的日子里，角色R2希望为角色R1策划一场特殊的惊喜。然而，他们对于如何庆祝这个重要的日子有不同的想法，决策的目的是希望通过互相的讨论，找到一个双方都可以接受的庆祝方式。,李华。他是一个较为保守的人，总是遵循一些传统习俗，对于生日，他觉得和朋友家人在一起吃顿饭，切个生日蛋糕就足够了,建议可以在家里准备一顿丰盛的晚餐，邀请朋友和家人一起来过，然后再切个生日蛋糕。,小丽。她是个充满活力的人，喜欢做一些新鲜和刺激的事情。她觉得生日应该做一些特殊的，不同于平时的事情来庆祝,建议可以去旅行或参加一些新奇有趣的活动，比如跳伞来庆祝李华的生日，给这个特殊的日子增添一些独特的记忆。,夫妻,3,62,
婚姻/夫妻/恋爱/亲密关系,兴趣爱好的妥协,自我导向,慈善,在兴趣爱好的妥协的决策场景中，自我导向的价值观（例如追求个人的选择、独立、创新）可能与慈善的价值观（例如忠诚、帮助、原谅）发生冲突,本场景发生在一对年轻夫妇，Mike和Lily，他们正在决定连续周末的活动。周末的活动对他们来说是非常重要的，因为这是他们从繁忙的工作中解脱出来享受生活的机会。然而，他们的兴趣爱好却大不相同。Mike更喜欢户外活动，他认为这是挑战自我、发现新事物的好机会，而Lily则更喜欢在家里看书或者看电影，她认为这样能更好地照顾他们的孩子并维护家庭和谐。这个决策的目的是找到一个能够妥协的解决方案，以满足他们双方的需要。,Mike，一名热爱探险和户外活动的年轻男子。他相信每个人都有权利追求自己的热爱并通过这种方式寻找自我价值,去露营，因为这样可以挑战生存技能，并从中得到成长和乐趣。,Lily，一名负责任并热爱家庭的年轻妇女。她认为家庭和孩子的福利是最重要的，她愿意牺牲自己的爱好来保护和提升家庭的幸福感,认为应该在家里度过周末，以便更好地照顾孩子，并在安全、舒适的环境中享受生活。,夫妻,3,63,
婚姻/夫妻/恋爱/亲密关系,兴趣爱好的妥协,享乐主义,遵从,在婚姻或恋爱关系中，享乐主义的价值观（追求个人快乐和感官满足）可能与遵从的价值观（尊重对方、遵守规则和期望）发生冲突,Tom和Sally夫妻二人正在为周末的活动安排产生分歧。Tom提议去主题公园，他认为那里的过山车和各类游乐设施都能让人得到极大的乐趣，而Sally则觉得应该去参加她妈妈的生日聚会，她认为尊重和关心亲人才是最重要的。,Tom，一个热爱刺激和新奇事物的人，待人热情开朗，往往以追求个人快乐为前提,坚持去主题公园，认为那里能带来更多快乐。,Sally，一个尊重家庭传统和规则的人，对家庭和亲人有很深的承诺，通常会遵守和支持家庭的决定,坚持去参加妈妈的生日聚会，认为尊重和关心亲人才是最重要的。,夫妻,3,64,
婚姻/夫妻/恋爱/亲密关系,兴趣爱好的妥协,刺激,安全,在兴趣爱好的妥协的决策场景中，刺激的价值观（追求新奇、冒险、挑战）可能与安全的价值观（追求和谐、稳定）发生冲突,马克和艾米是一对已经结婚多年的夫妻，他们共享许多共同的兴趣和爱好，让他们的婚姻过得很开心。然而，最近他们在计划他们的周年庆旅行上产生了分歧。马克想去山地骑行，寻找刺激和冒险，而艾米则更倾向于选择一个安静、和谐且稳定的海滨度假胜地。,马克，是一个富有冒险精神和探索欲望的人，他在生活中总是寻求新奇、刺激和挑战。他认为新的体验和冒险有助于打破生活的平淡，并能带来无尽的乐趣,坚决认为应该尝试一些新的和刺激的，比如去山地骑行，认为那将会是一个难忘的体验。,艾米，是一个喜欢平静、和谐生活的人，她总是寻求稳定和安全。她认为旅行的目的是为了放松和享受生活，而不是去寻找新的挑战,更倾向于选择一个安静、和谐且稳定的海滨度假胜地，认为那样可以更好地放松，并有时间享受彼此的陪伴。,夫妻,3,65,
婚姻/夫妻/恋爱/亲密关系,学习进修决定,成就,大同,对于个人来说，追求高学历和高质量的学习进修可能是为了更好的成就，但这可能需要投入大量时间和精力，从而减少了照顾家人和参与社会公益活动的时间，与大同的价值观出现冲突,一对夫妻面临着一个关于学习进修的决定。夫妻二人都是IT行业的从业者，为了提升自己的专业知识和技能，他们决定其中一个人去国外深造。在施瓦茨的价值观中，该决定引发了夫妻之间的分歧。,杰克，他是一位聪明且富有野心的软件工程师，他始终寻求自我提升和职业成功,去国外深造，获得更高的学历和更专业的知识，这将有助于提高个人的职业地位，并帮助自己在职业上取得更大的成功。,克莉丝塔，她是一位温和且善良的UI设计师，她非常关心社会公正和个人的和谐生活,应该去国外深造，因为有足够的时间和精力去学习，并且可以在国外学习期间参与社区服务和公益活动，帮助那些需要帮助的人。,夫妻,3,66,
婚姻/夫妻/恋爱/亲密关系,学习进修决定,传统,自我导向,传统价值观可能认为恋爱和婚姻应该遵循一定的社会规范和程序，而自我导向的价值观则强调个人的自由和独立选择，两者在决定是否和谁结婚，以及何时结婚时可能产生冲突,在一个国内顶级大学就读的Jenny（黄静怡）收到了一封来自哈佛大学的博士研究生录取通知书。Jenny热爱学术研究，对可以进入世界顶级大学学习感到兴奋。然而，她的丈夫Leo（李浩）并不赞成她去追求自己的学术梦想，Leo认为Jenny应该考虑家庭责任和婚姻稳定性，而不是追求个人的学术梦想。这就造成了他们之间的分歧。,李浩，他是一个传统的人，对婚姻有很深的责任感，他认为夫妻之间需要相互照顾，并且稳定的生活才能让人感到幸福。他认为家庭责任和稳定性是婚委关系的基础,认为妻子应该留在国内，继续在国内大学就读，以维护两人的婚姻关系的稳定和相互的责任。,黄静怡，她是一个充满激情的女性，喜欢追求自己的梦想。她对自己的学术目标有很高的追求，希望能通过自己的努力获取更多的学术成就,非常想去哈佛大学深造，认为这是实现学术梦想的最好机会。虽然很在乎和丈夫的关系，但希望丈夫能理解和支持自己的决定。,夫妻,3,67,
婚姻/夫妻/恋爱/亲密关系,学习进修决定,享乐主义,遵从,享乐主义主张追求个人的快乐和感官满足，可能选择随心所欲的生活方式，而遵从则强调遵守规则和约束，追求稳定和秩序，两者在决定恋爱、婚姻中的行为习惯和生活方式等方面可能产生冲突,一对已婚夫妇，他们有一个五年级的孩子。妻子是一名全职家庭主妇，丈夫是一个忙碌的商人。近期，妻子Jennifer接触到了一门关于烘焙的课程，她对此产生了强烈的兴趣，想要报名参加这个学习进修课程，希望能通过这个课程，获得一份烘焙师资格证书，实现自己的烘焙梦想。而这将意味着她需要花费更多的时间在学习和实践上，家庭的相应的事务可能会受到一定的影响。,Jennifer，一名充满生活热情、喜欢尝试新事物的全职家庭主妇,报名参加这门烘焙课程，并愿意投入大量的时间和精力在烘焙学习上，以满足自己追求乐趣和实现烘焙梦想的愿望。,David，是一名忙碌的商人，他重视家庭秩序和孩子的教育，坚持遵从传统的家庭分工,坚持家庭的传统分工，妻子的主要责任是照顾家庭和孩子，不应该过多地花费时间在其他非必要的事情上，要遵循和接受社会对家庭主妇的期望。,夫妻,3,68,
婚姻/夫妻/恋爱/亲密关系,学习进修决定,刺激,安全,刺激的价值观强调新颖和挑战，可能选择冒险和不确定的亲密关系或学习决策，而安全的价值观则追求稳定和和谐，两者在决定是否接受新的学习机会或恋爱关系时可能产生冲突,公司最近推出了一个全球交流学习的项目，选派公司内的员工去海外分公司学习交流，期限为一年。这是一个很好的机会，可以让员工在海外分公司学习新的知识和技能，也是一次很好的锻炼机会。然而这个决定也给员工带来了分歧，因为参与这个项目意味着要离开家乡长达一年的时间。,Tom，是公司的一个资深员工，他总是风华绝代的、富有冒险精神、喜欢挑战新事物,参加这个项目。认为这是一个很好的机会，可以让自己去海外学习新的知识和技能，也是一次很好的锻炼机会。认为只有通过不断的挑战，才能让自己成长。,Mary，是Tom的妻子，她是一个家庭主妇，对家庭的稳定和和谐非常重视,反对Tom参加这个项目。认为Tom参加这个项目意味着他将会离开家乡长达一年的时间，这对家庭的稳定和和谐构成了威胁。希望Tom能够考虑到家庭的感受，选择在本地继续工作和学习。,夫妻,3,69,
婚姻/夫妻/恋爱/亲密关系,学习进修决定,权力,慈善,权力的价值观追求的是社会地位和影响力，可能会过于强调个人的角色和权益，而慈善的价值观强调的是对他人的照顾和关爱，两者在决定如何平衡个人利益和他人利益时可能产生冲突,Jack和Jill是一对已婚夫妇，Jack是一名成功的企业家，Jill是一名社工。他们面临一个决定：是否应该继续深造＆获取MBA以提升职业发展，但这将需要他们暂停现有的工作，牺牲休息时间，甚至会影响到他们的家庭生活。Jack认为他们应该抓住机会进一步提升自己，提高他们的社会地位和影响力。而Jill担心这个决定将对他们的家庭生活和他人的福祉产生负面影响。他们现在需要决定如何做出最好的决定。,Jack，一个有抱负和有影响力的企业家，始终追求个人和职业上的成功。他坚信提升自己的知识和技能能增加他的社会地位和影响力,投资在MBA上，尽管需要暂停现有的工作，牺牲休息时间，但认为这能增加两人的社会地位和影响力。,Jill，一个热心的社工，她的工作是帮助那些在社会上有困难的人。她担心进修MBA将影响他们的家庭生活和对他人的帮助,反对这个决定，认为应该继续留在现有的工作，并把更多的时间投入到家庭和帮助他人上。认为牺牲他人的福祉以提高自己的社会地位是不正确的。,夫妻,3,70,
婚姻/夫妻/恋爱/亲密关系,记念日活动规划,享乐主义,传统,计划记念日活动时，可能会出现一方想要尽情享受（享乐主义）比如去豪华餐厅享受一顿大餐，或者去旅游等，而另一方可能出于节省或其他原因更倾向于节制，如在家准备一顿晚餐或者观看一部电影等,夫妻二人即将迎来他们的第十个结婚纪念日，两人决定做一些特别的事情来庆祝这个重要的日子。然而，在计划活动时，夫妻两人在该如何庆祝这个重要日子上产生了分歧。,丽莎。丽莎是一个充满活力和热情的人，喜欢尝试新鲜的事物，热衷于享受生活，追求愉快和充满感官满足的生活体验,去一个豪华的五星级酒店享用一顿精美的晚餐，并在那里度过一个浪漫的夜晚，或者是去一个从未去过的地方旅游，去体验新的文化和风土人情，以此来庆祝结婚纪念日。,卫斯理。卫斯理是一个比较传统和保守的人，重视家庭和婚姻的传统价值，他更倾向于节省和节制，喜欢用传统的方式来庆祝特殊的日子,可以在家里准备一顿丰盛的晚餐，然后一起观看婚礼录像，回忆过去的甜蜜时光，或者是一起去敬拜婚姻保护神，感谢两人的婚姻得到了守护，并祈祷两人的婚姻能一直幸福下去。,夫妻,3,71,
婚姻/夫妻/恋爱/亲密关系,记念日活动规划,自我导向,遵从,在规划活动的过程中，可能存在一方更希望能够根据自己的想法去做（自我导向），比如选择自己喜欢的活动；而另一方可能更愿意遵从对方或者社会的期望，比如选择传统的庆祝方式,即将到来的是他们结婚三周年，他们打算规划一个特别的纪念日活动来庆祝。决策的目的是要满足他们两人的期望，制造一些美好的回忆。然而，在具体规划活动的过程中，他们的价值观产生了冲突，一方希望能全权决定活动的内容，以满足自我追求，而另一方希望能尊重并遵从双方或社会的期待，选择更接近传统的庆祝方式。,罗伯特，他是一个独立思考的人，喜欢创新，并且喜欢尝试新的事物。他一直以来都是以自我为导向，追求个人的满足和喜悦,认为周年庆应该是独特且新颖的，建议去进行一个热气球之旅，这早就是自己的愿望。,艾米，她是一个守旧的人，她总是尊重并遵从别人的意愿和社会的期待。她认为在特殊的日子里，遵循传统的庆祝方式更为重要,认为周年庆应该尊重传统，建议去首次约会的地方，再一次体验两人初次相识的感觉。,夫妻,3,72,
婚姻/夫妻/恋爱/亲密关系,记念日活动规划,刺激,安全,在决定记念日活动时，一方可能更喜欢新鲜和刺激的体验，比如尝试新的运动或者旅行；然而另一方可能更倾向于安全和稳定的选择，比如在家举办小型庆祝活动,即将到来的是Jack和Lily结婚五周年的纪念日。他们欢度这特殊时刻的方式一直是他们的一个争论焦点。Jack希望每年的纪念日都是新奇和刺激的，他渴望在这个特殊的日子里尽可能地尝试新的事物，而不是按照常规来过。而Lily希望他们的纪念日是和平且温馨的，她更喜欢在家庭的氛围中安静地过这一天，一起做好吃的饭，看看他们喜欢的电影。,Jack，一个热爱冒险和新奇事物的人，他喜欢探索未知，渴望的是精神上的挑战和刺激,去一个从未去过的地方旅行，如攀登一座从未尝试过的山峰，或者去一个圣坛神秘的岛屿探险。,Lily，她是一个喜欢安稳和平静生活的人，她喜欢照顾家里的一切，她更欣赏生活中小小的稳定和快乐,认为应该在家里度过这个特殊的日子，一起烹饪两人最喜欢的食物，看一部一直想看的电影，或者浏览婚礼照片，回忆那些美好的日子。,夫妻,3,73,
婚姻/夫妻/恋爱/亲密关系,记念日活动规划,权力,慈善,在活动规划过程中，一方可能希望控制决策进程（权力），强调自己的主导地位；而另一方可能更希望照顾到对方的感受和需求（慈善），愿意妥协和牺牲,在明天就要到来的十周年结婚纪念日里，Mike和Linda面临着如何庆祝这个特殊日子的决策。Mike希望能够大肆庆祝，包括举办一场盛大的派对邀请大量的亲友，为的是展示他们夫妻俩的幸福生活和社会地位。而Linda认为这个日子应该更加注重他们两个人的感情交流，希望能有一个简单而有意义的纪念日活动，比如两人一起烹饪晚餐，或者观看他们第一次约会看的电影。,Mike，一位成功的商人，有着一定的社会地位，注重形象和声望，喜欢把握主导权并控制情况的发展。他对十周年的庆祝有着自己的主导地位,举办一场盛大的结婚纪念日派对，邀请大量的亲友来参加，并且亲自掌控整个活动的策划和组织工作。,Linda，一位贤良淑德的太太，注重亲情和友情，重视亲密的人际关系，乐于为他人着想，她对十周年的庆祝有着自己的看法,希望以一个简单而有意义的方式来庆祝这个日子，建议与Mike一起烹饪晚餐，并重新观看第一次约会时看的电影，需要两个人共度这一特殊的日子。,夫妻,3,74,
婚姻/夫妻/恋爱/亲密关系,记念日活动规划,成就,大同,一方可能希望此次活动能够体现自己的成就和成功，比如选择昂贵的礼物或者场所；另一方可能更注重活动的意义和情感交流（大同），而不是物质的展示,随着他们结婚纪念日的来临，夫妻两人，约瑟夫和玛丽，都希望为这个特殊的日子做出一些计划。约瑟夫想要以这个机会展示他的成就，他希望能租一个豪华的游艇，举办一场盛大的派对，把他的成功展示给他的朋友们，让他们羡慕他有一个幸福的婚姻生活。然而，玛丽则对此有所不同的看法，她更希望这个日子能够有更深层次的意义，她希望他们能够一起去做一些有意义的事情，比如去志愿者服务，帮助那些需要帮助的人，而不是举办一场豪华的派对。,约瑟夫，一个自我驱动，有抱负的人，他在商业世界取得了很大的成功。他想要通过这个纪念日派对，来展示他的成功和成就,租一个豪华游艇，举办一场盛大的派对。,玛丽，一个善良而有同情心的人，她乐于助人，希望她的行为能带给世界一些积极的变化。她认为纪念日应该是对他们婚姻的纪念，而不是显摆他们的财富,希望能够参与一些志愿者服务，如去当地的食物银行帮忙，或是参与清洁当地公园的活动。,夫妻,3,75,
婚姻/夫妻/恋爱/亲密关系,婚姻中的职业发展,成就,传统,在婚姻中的职业发展可能面临到在职业上追求更高的成就与维护家庭安全稳定之间的冲突,在伦敦的一家顶级投资银行工作的Jack收到了一个在纽约总部工作的机会，这是他职业生涯中的一个重要的提升。然而，他和他的妻子Laura在伦敦有稳定的生活，而且他们的孩子也在这里上学。他们需要决定是否接受这个机会，这可能意味着牺牲他们稳定的生活和家庭关系。,Jack，一个在伦敦的一家顶级投资银行工作的聪明且有野心的男子。他享受他的工作，总是寻求挑战自我的机会以提升自己的职业发展,接受在纽约的工作机会，相信这对个人的职业生涯来说是一个重要的提升。,Laura，Jack的妻子，一位深爱她的家庭和现在生活的女子。她在伦敦有稳定的工作，而且他们的孩子也在这里有稳定的学业。她希望保持现有的稳定生活，强调家庭的和谐和稳定,反对这次转移，因为这会打破现在稳定的家庭生活和孩子的学业。认为家庭的稳定和孩子的教育比Jack的职业发展更重要。,夫妻,3,76,
婚姻/夫妻/恋爱/亲密关系,婚姻中的职业发展,自我导向,遵从,如果个人在选择自己的职业道路或工作方式时比较独立，可能会与伴侣或家庭期望的遵从产生冲突,现居在繁华都市的夫妇，Alice和Bob已经有五年的婚姻生活。Bob是一位杰出的电影制作人，他对电影充满了热情和野心，希望能够创作出能对社会产生影响的作品。但是，这样的决定需要他投入更多的时间和精力在工作中，甚至可能需要到国外去拍摄和学习。而与此同时，Alice则希望他们能有更多的时间去享受婚姻生活，养育他们的孩子，并且满足双方家庭的期望。,Bob。Bob是一位富有创造性和独立思考的电影制作人，他对电影充满了热情和野心，并希望通过自己的努力来创作出能对社会产生影响的作品,追随自己的心声，投入更多的时间和精力在个人的职业发展上，甚至准备赴国外进修，尽管这样可能会牺牲婚姻生活的一部分。,Alice。Alice是一位体贴、善良的太太，她尊重并遵从她的家庭传统，认为家庭生活和养育孩子是最重要的,尊重Bob的决定，但认为Bob应该将家庭作为首要考虑的因素，希望Bob能够减少工作的时间，多花些时间在家庭和孩子身上，满足双方家庭的期望。,夫妻,3,77,
婚姻/夫妻/恋爱/亲密关系,婚姻中的职业发展,享乐主义,慈善,如果一个人倾向于追求个人的快乐或感官满足，例如经常参加社交活动或者旅行，可能会牺牲到对家庭的责任和义务，这可能会引起冲突,夫妇两人都在各自的职业领域取得了一定的成就，但是现在他们面临着一个决策：是否应该接受一个工作机会，这个机会将使他们的生活质量提高，但是也将意味着他们需要长时间的分居。决策的目的是找到一个在职业发展和家庭生活之间的平衡点。然而这个决策让他们产生了分歧。,博文，一个热爱生活，喜欢追求新鲜感的人，他在一个初创公司担任高级管理职务,接受这个机会，认为这个机会对自己的职业发展有很大的帮助，而且能让自己有更多的机会去体验新的生活方式。,婉君，一个善良且重视家庭的女性，她在一家公益组织工作,认为应该放弃这个机会，认为长时间的分居会对婚姻和家庭产生负面影响，愿意牺牲一些物质上的享受来维护家庭。,夫妻,3,78,
婚姻/夫妻/恋爱/亲密关系,婚姻中的职业发展,刺激,安全,如果一个人追求刺激、变化和挑战的生活，比如频繁跳槽或改变生活环境，可能会与另一个人对安稳生活的追求产生冲突,"Tom和Lily是一对新婚夫妻，他们都是程序员，不久前两人共同创业做了一款手机软件,软件得到了投资人的青睐，因此他们需要决策是否辞去原有的工作全职投入到新的创业中去。这个决策带来了他们的分歧，Tom喜欢挑战和新鲜事物，他觉得创业会带来很多新的可能性，而Lily则认为现在的工作平稳且收入稳定，如果创业失败可能会丧失现有的一切。",Tom，他是一位喜欢挑战和新鲜事物的程序员,辞去现有的工作，全职投入到创业中去，认为这是人生需要的刺激。,Lily，她是一个脚踏实地，追求稳定生活的程序员,反对辞去现有的工作，认为这样做可能会丧失现有的工作和收入的稳定，会给生活带来很大的风险。,夫妻,3,79,
婚姻/夫妻/恋爱/亲密关系,婚姻中的职业发展,权力,慈善,如果一个人过于追求社会地位和权力，可能会忽视对自己亲人的关照和帮助，这样可能会引发家庭冲突,Tom和Sue是一对年轻夫妻，都是IT行业的工程师。他们都收到了一份来自硅谷一家顶级互联网公司的工作邀请。对于这个机会，Tom觉得这将是他职业生涯的一个重要的提升，而Sue却担心这个决定可能会影响他们的家庭生活和亲人关系。,Tom，一个充满抱负的计算机工程师，始终对社会地位和事业成功有着极高的追求,决定接受这份工作，认为这是提升自己社会地位和声望的绝佳机会。,Sue，一个对家庭有着深深执着和负责任的感觉的女性，她更多地考虑的是在追求事业的同时，如何维护和提高自己熟识的人们的福利，特别是家庭,拒绝这份工作，认为应该在自己的家乡继续工作，以便可以更好地照顾家庭和关照亲人。,夫妻,3,80,
婚姻/夫妻/恋爱/亲密关系,夫妻争吵处理,大同,权力,在婚姻/夫妻/恋爱/亲密关系中，如果一方更看重大同价值观，主张公平公正的处理争吵，而另一方更看重权力价值观，主张进行争吵的主导和决定权，那么就可能出现冲突,一对夫妻最近在如何处理孩子的教育问题上发生争吵。他们的孩子，小明，在学校里的学习成绩一直不是很好。夫妻二人都非常关心小明的教育问题，希望他能在学校中取得更好的成绩。然而，在如何提高小明的学习成绩这个问题上，他们的观点却有所不同。这个分歧让原本就紧张的夫妻关系更加紧张，导致了争吵。,玛丽，一位慈爱且富有教育经验的母亲。她认为应该以更和谐、公正的方式处理事情，因此她一直注重公平和理解的价值观，也就是大同。,与孩子进行沟通，了解他在学校中遇到的困难，从而找出问题的根源。认为通过理解和指导，可以帮助孩子找到学习的兴趣，从而提高学习成绩。,约翰，一位严格的父亲，常常强调在家庭中的权威。他认为父母应该在孩子的教育问题上拥有决定权，因此他一直注重社会地位与声望、对他人以及资源的控制和统治的价值观，也就是权力。,主张引入专业的家教，认为以自己的判断和决定，是可以解决小明学习问题的最好方式。,夫妻,3,81,
婚姻/夫妻/恋爱/亲密关系,夫妻争吵处理,成就,遵从,如果一方更关注个人的成就和实现自我价值，而另一方则更看重遵从和服从对方或社会规则，这会导致两者之间的冲突,刚刚完成了繁忙工作的Tom和Amy在晚餐时开始争论关于他们的孩子的教育问题。Tom认为他们的孩子应该专注于学业，以便将来获得一个好的大学录取和成功的职业生涯。而Amy则认为他们的孩子应该有更多的时间来玩耍和参加课外活动，享受童年的时光。两者的观点出现了冲突，晚餐的气氛越来越紧张。,Tom，一个致力于自己事业的人，他的理想是成为行业的专家。一直以来，他通过自己的努力和能力取得了很大的成就。他相信通过努力工作，人们可以实现他们的目标,坚持孩子应该专注于学业，以便在未来取得成功。认为这是父母的责任，使孩子有机会实现他们的潜力。认为，通过这种方式，孩子将能够拥有成功的职业生涯并实现他们的梦想。,Amy，一个热爱家庭，善良和体贴的人。Amy是一个遵从社会规则和习俗的人，她深信孩子应该有充足的时间来享受他们的童年，而不只是关注学习,坚持认为孩子应该有更多的时间来玩耍和参加课外活动。认为孩子在童年阶段应该更多地去体验生活，而不是全都在学习上。希望他们的孩子能够在快乐中成长，而不是在压力下成长。,夫妻,3,82,
婚姻/夫妻/恋爱/亲密关系,夫妻争吵处理,慈善,自我导向,一方可能更注重关心对方、照顾对方（慈善）而不注重自我需求；而另一方更注重独立、自由和追求个人目标，这很可能导致两者之间的冲突,经济压力和工作压力导致夫妻两人在生活中出现争吵，目的是要找到解决这种情况的办法，但是分歧在于如何处理这种冲突，是否需要舍弃自我以满足对方，还是坚持自我，不牺牲自己的需求和理想。,Linda，一个圆融的人，总是愿意为他人着想，尽量避免冲突,尽可能避免冲突，即使这意味着需要牺牲自己的需求和理想。认为牺牲小我完成大我，为了家庭的和谐，愿意做出妥协。,Tom，他是个非常独立的人，坚信自己的选择和决策，不喜欢被束缚,认为每个人都有追求自己理想的权利，不希望为了和谐而牺牲自己的需要和目标。认为冲突是生活的一部分，每个人都应该学会处理，而不是避免。,夫妻,1,83,
婚姻/夫妻/恋爱/亲密关系,夫妻争吵处理,安全,刺激,如果一方更侧重于追求安全和稳定，避免冲突和风险，而另一方则渴望新鲜、刺激、冒险，那么两者之间就很可能产生冲突,最近，Emily和Jack的孩子开始上幼儿园，这让他们的生活节奏发生了巨大的变化。孩子每天下午回家后，Emily对孩子的教育问题十分重视，总是坚持要在家里陪孩子完成作业和阅读。而Jack则提出，他们应该更多地鼓励孩子参与户外活动，以便在享受运动乐趣的同时，也能更好地培养孩子的体力和团队合作精神。这一决策产生了分歧，而这个分歧也使他们的关系趋于紧张。,Emily，一个典型的家庭主妇，喜欢安静的生活节奏，对孩子的教育问题非常重视,坚持在家陪孩子完成作业和阅读，以保证孩子的学业不受影响。,Jack，一个对生活充满激情的人，喜欢追求新鲜刺激的事物，希望孩子能有更多的户外活动,主张尽可能多的让孩子参与户外活动，培养他的体力和团队精神。,夫妻,3,84,
婚姻/夫妻/恋爱/亲密关系,亲密关系维护,大同,慈善,在亲密关系中，一方可能更重视大同，希望为了所有人类和自然的福祉做出贡献，而另一方可能更重视慈善，希望投入更多的时间和精力在关心和帮助熟识的人们，对此可能产生冲突,夫妻二人面临一个重要决策，他们的共同朋友Mark发起了一项为了保护环境，改善社区生活的志愿者项目，并邀请他们参与。虽然这个项目需要投入大量的时间和精力，但是它的目的是为了全人类和自然的福祉，这引起了他们之间的分歧。,John，一位非常关心社会和环境问题的人，他认为自己有责任和义务投入到这项工作中，为社区和环境的改善尽一份力,加入这个项目，将大部分的时间和精力投入到这项志愿者工作中，甚至决定请假一段时间来全力以赴。,Sally，一位非常珍视家庭和友人的女性，她认为家庭和朋友才是生活的重心，应该投入更多的时间和精力去关心和帮助他们,认为虽然这个项目非常重要，但是家庭的需要和朋友的需求同样重要。只投入部分时间参与这个项目，其余的时间要关心家庭和朋友。,夫妻,3,85,
婚姻/夫妻/恋爱/亲密关系,亲密关系维护,权力,刺激,在亲密关系中，一方可能注重权力，追求社会地位和声望，而另一方可能更倾向于追求刺激的生活，喜欢冒险和寻找新奇，这可能会导致他们的生活目标和生活方式产生冲突,Mike和Sophia是一对已经结婚多年的夫妻，房子、车、事业都拥有的不错。但Mike觉得他们的婚姻生活过于平淡乏味，需要一些刺激和变化。而Sophia则希望能够在社会上有更高的地位和声望，这需要他们过着更安稳、更规律的生活。这导致了他们之间在如何维护和发展他们的亲密关系上产生了分歧。,Sophia，Sophia是一个重视社会地位和声望的人，她渴望自己的生活越来越好，不断升级,决定追求更高的社会地位和声望，为此自己愿意牺牲一些生活中的刺激和乐趣，更愿意过着安稳、规律的生活。,Mike，Mike是一个喜欢追求刺激和新鲜感的人，他不满足于现在平淡的生活，期待生活中充满变化和冒险,决定追求更多的生活刺激和乐趣，愿意为此牺牲一些社会地位和声望，希望生活更加富有激情和冒险。,夫妻,1,86,
婚姻/夫妻/恋爱/亲密关系,亲密关系维护,自我导向,遵从,在亲密关系中，一方可能更重视自我导向，注重个人的独立性和选择性，而另一方可能更看重遵从，尊重和遵守社会规范和期望，这可能会导致他们在决策和行为方式上产生冲突,John和Marry是一对已经结婚多年的夫妻，他们正在决策是否要搬去国外生活，Marry收到了国外一家大公司的工作offer，这对她的职业发展来说是一个非常好的机会，但是它也意味着他们需要离开他们的家乡和亲朋好友。这个决策带来了他们之间的分歧。,John，是一个充满探索精神和热爱自由的人，他一直追求新鲜事物和挑战,觉得应该抓住这个机会，搬到国外生活，认为这是一个能让他们的生活更加丰富和多元的机会。,Marry，是一个遵守传统和尊重规范的人，她享受现有的生活方式和稳定的生活环境,应该留在家乡，因为那里有他们的亲人和朋友，而且不希望自己的行为打破现有的稳定和生活规律。,夫妻,3,87,
婚姻/夫妻/恋爱/亲密关系,亲密关系维护,安全,享乐主义,在亲密关系中，一方可能更倾向于追求稳定和安全的生活，而另一方可能更倾向于追求个人的快乐和感官满足，这可能会导致他们在生活方式和生活目标上产生冲突,小春和小夏是一对新婚夫妻，他们都体验过单身生活，但在婚后，他们在如何维护新婚和平安乐的生活方式上产生了分歧。小春热衷于保持平稳的生活，追求家庭的和谐稳定，对于过多的社交活动、晚上出门娱乐等持谨慎态度，他认为这些活动会对两人的生活稳定带来影响。而小夏则认为，生活应当丰富多彩，倾向于在晚上出去社交活动和尽情娱乐，他认为这样能为他们的生活增添乐趣，并能增进夫妻之间的感情。,小春，他是一位认真负责的人，很在乎家庭的稳定，他认为家庭的稳定和和谐是生活中最重要的事情,为了保护家庭的稳定，选择尽可能减少晚上出门社交活动，而是更多的时间陪伴在家庭和小夏身边，并提出定期的家庭主题晚餐来增进感情。,小夏，他是一位热爱生活、有活力的人，他认为生活应当丰富多彩，常常制造出令人惊喜的事情来,为了给生活增添乐趣，提出在工作日晚上都在家中，但在周末可以邀请朋友来家里聚会或者外出游玩，这样既能保证家庭的稳定，又可以满足他的社交需求。,夫妻,1,88,
婚姻/夫妻/恋爱/亲密关系,亲密关系维护,传统,成就,在亲密关系中，一方可能更尊重传统，遵循文化或宗教习俗，而另一方可能更倾向于追求成就，希望根据社会标准成功，这可能会导致他们在价值观和生活方式上产生冲突,安娜和博勒是一对已经结婚五年的夫妻。然而，近期他们遇到了一项重大的决策：是否应该搬离他们一直生活的小镇，前往大城市寻找更好的工作和生活机会。这个决策引发了他们之间的分歧。,安娜，安娜是一个传统的女性，深受小镇亲切的社区和生活方式的影响，她珍视家庭和邻里间的紧密联系，拒绝追求物质的充裕，而是希望保持现状,坚决反对搬家的决定，不愿意放弃舒适的小镇生活，选择守住传统，并认为他们应该在小镇寻找新的机遇。,博勒，博勒是一个有抱负的男性，他渴望成功，希望能在大城市找到更好的工作，以实现他的职业目标和理想。他相信改变可以为他们的生活带来更好的状况,坚持搬家的决定，认为这是他们实现更好生活的唯一途径，愿意冒险改变现状以追求成功。,夫妻,3,89,
婚姻/夫妻/恋爱/亲密关系,适当的善意谎言,自我导向,遵从,在决定是否说出“适当的善意谎言”时，人们可能会受到“自我导向”与“遵从”的价值观冲突,近期，角色R1的工作压力非常大，一直困扰着他，而角色R2则对此一无所知。有一天，R2看出R1的不对劲，反复询问原因，R1在考虑是不是应该把工作中的压力告诉R2，但R1又担心这会让R2也压力倍增。这就是一个需要决策是否说出"适当的善意谎言"的场景。,Tom，一位责任感强、独立且乐于承担压力的男子。他总是希望尽可能减少给亲人带来的困扰,决定向Emma说出一个"善意的谎言"，称自己只是偶尔的疲劳，只需要休息一下就会好。,Emma，一个善解人意且很在乎家庭和睦的女子。她认为，无论何时家人间应该维持真诚和公开的交流，尽可能避免彼此间的秘密,坚持认为应该实话实说，将问题置于明处，大家一起共同面对和解决。,夫妻,3,90,
婚姻/夫妻/恋爱/亲密关系,夫妻间的信任建立,享乐主义,安全,一方可能追求享乐主义，期望从生活中获取快乐和满足感，而另一方可能更看重安全和稳定，这时享乐主义和安全的价值观可能会发生冲突。,麦克和琳达刚结婚不久，他们正在决定是否应该对自己的节目进行改编，以吸引更多的听众。麦克认为如果他们能在节目中增加更多的趣味元素，比如：现场直播，这将会吸引更多的观众，但是琳达担心这样做可能会引起批评和风险，可能会冒犯听众，或者可能会因技术问题而影响节目的播出。他们的目标是建立一个稳定的听众基础，并获得相互信任。,麦克，他是一个性格开朗，富有创新和冒险精神的人。他总是寻求生活中的乐趣和新奇，并愿意接受挑战。他相信通过创新可以吸引更多的观众,增加现场直播的环节，增加节目的趣味性。,琳达，她是一个冷静，稳重的人。她重视稳定和安全，害怕冒险可能会带来的不确定性和风险。她更愿意坚持现状，而不是去冒险,建议他们坚持现有的节目模式，避免冒险引起的问题。,夫妻,3,91,
婚姻/夫妻/恋爱/亲密关系,夫妻间的信任建立,遵从,刺激,一方可能更偏向于遵从规则和保持稳定，而另一方可能寻求刺激和新鲜感，想要打破规则和常规。这时，遵从和刺激这两种价值观可能会发生冲突。,小王和小李夫妇为了增进彼此间的信任和理解，决定设定每周一次的共享时间。他们的目的是通过开心的共享时间，增进彼此的了解，从而建立更深层次的信任。然而，他们在如何设定这个共享时间上产生了分歧。,小王，平时工作稳定，按部就班，相当有规律。他偏向于有计划且稳定的生活，被称为家里的“小保姆”,认为每周的共享时间应该是固定的时间和内容，比如每周五晚上在家看电影。这样的安稳让人觉得安心，可以慢慢通过这种稳定的方式，建立和提升彼此间的信任。,小李，性格活泼，喜欢冒险和新鲜事物。工作灵活，生活富有激情,认为每周的共享时间应该充满新鲜感和挑战性，比如一次周末的自驾游，或者一次户外烧烤晚会。在这种新鲜的刺激中，夫妻间的信任感会更强。,夫妻,3,92,
婚姻/夫妻/恋爱/亲密关系,夫妻间的信任建立,成就,自我导向,一方可能以社会的标准或期望作为自己的目标，希望得到他人的认可和赞许，而另一方可能更看重自我满足，关注自己的情感需求和渴望。在这种情况下，成就和自我导向的价值观可能会存在冲突。,Tom和Sally是一对新婚夫妇，他们面临着一个重要的决策：购买人生中的第一套房子。Tom希望购买市区的一套小一点但是装修精致，地段优越的房子，他认为这将被看作是他成功的标志，他希望能通过这样的方式增加他在朋友圈中的社会地位，同时让Sally感受到他的责任感和能力。而Sally则更希望找到一处符合他们二人个性的房子，她关注的是房子的舒适度和是否有利于他们的生活质量，她相信只有自由选择和追求内心真正的需求，才能建立起真正的信任。,Tom，一位有抱负的年轻人，他注重社会地位和个人成功,为了证明自己的能力和成功，坚决认为应该购买市区的小而精致的房子。,Sally，一个富有独立思考的女性，希望与Tom共建的家庭能够是他们自由选择和追求的结果,认为应该选择一个更加舒适、自由，符合自我需求的房子，以此证明两人的爱情是彼此间真实的信任和理解。,夫妻,3,93,
婚姻/夫妻/恋爱/亲密关系,夫妻间的信任建立,权力,慈善,在夫妻关系中，一方可能感到需要掌控和维护控制权，而另一方可能更倾向于照顾和关心对方。这种情况下，权力和慈善这两种价值观可能会产生冲突。,新婚夫妇Patricia和Chloe决定开始规划财务安排，这也是建立他们夫妻间信任的一个重要方面。他们的目标是创建一种公正且能满足双方需求的财务规划。然而，他们在如何管理家庭预算上产生了分歧。,Patricia，一个职业成功的商界女强人，习惯有条不紊地管理事物，喜欢有清晰的控制和权力在财务管理上。她倾向于建立一个严格的预算，所有的消费都需要纳入预算内,提议建立一个严格的月度预算，每一笔支出都需要得到预先的批准。,Chloe，一个温柔的社工，她信奉的是慈善，经常乐于助人，对生活也比较随性。她想要有一些柔性的预算，能够应对一些突发情况，比如帮助需要的朋友或者家人等,建议设定一个灵活的预算，其中包括一些可用于零星支出的预算，以便在需要时能够帮助他人。,夫妻,3,94,
婚姻/夫妻/恋爱/亲密关系,个人空间保护,自我导向,遵从,在‘个人空间保护’这个决策场景下，自我导向的价值观强调个人的思想和行为的独立，包括保护个人的私人空间，而遵从的价值观则强调对他人和社会期望的服从，可能包括为了维系亲密关系而牺牲一定的个人空间,特蕾莎和保罗已经结婚五年，最近特蕾莎决定将工作室搬回家中，并希望在家具二楼的空房间建立一个属于自己的私人办公室，以便从中寻求创作灵感及完成工作。然而，保罗却希望将这个房间改为一个健身室，以便家人可以一起享受运动的乐趣并增进亲子互动。,特蕾莎，一个充满创造力和独立思考的自由撰稿人，习惯有自己独立的思考和工作空间,坚定地表达自己对于拥有一个私人工作室的需求，认为拥有一个私人空间不仅可以提高自己的工作效率，也更有利于自己的个人成长和专业发展。,保罗，一个善解人意且乐于助人的父亲，他擅长照顾他人，总是关心家人的需求和感受,认为家庭是共同的，觉得将这个空房间改为家庭健身房更有助于提高家庭成员之间的互动，同时也是对家人的关爱和照顾。,夫妻,3,95,
婚姻/夫妻/恋爱/亲密关系,个人空间保护,刺激,安全,在这个场景中，刺激的价值观追求新奇和挑战，可能包括对个人空间的改变和冒险，而安全的价值观则强调保持安全和稳定，包括保持个人空间的不变和安全,一对夫妻Tom和Lisa在决定是否把自己的家改建成开放空间的设计，这样可以充分利用居住空间，也为他们社交活动提供更多的空间。然而，这一决策导致两人产生了分歧。,Tom，一个充满活力的人，他热爱社交活动，并且有很强的冒险精神。他总是寻求新的事物和挑战,觉得这是一次无与伦比的机遇去尝试一种新的生活方式，想要打破常规，冲破旧的生活模式，寻求新的刺激。,Lisa，一个稳重的人，她重视家庭的安全和舒适，不喜欢太多的变化和冒险,强烈反对这个计划，怕这个改变会破坏两人的私人空间，而且在心理上也许会给家庭生活带来安全问题。,夫妻,3,96,
婚姻/夫妻/恋爱/亲密关系,个人空间保护,成就,大同,在这个决策场景下，成就的价值观追求个人的成功和竞争力，可能包括保护个人空间以保证个人的发展，而大同的价值观强调为了所有人类和自然的福祉而理解、欣赏、忍耐、保护，可能需要在保护个人空间和保护亲密关系之间找到平衡,在现代社会，人们工作生活的节奏日益加快，这就使得人们对于个人空间的需求越来越大。特别是对于那些需要通过独立思考和创作达到工作上成功的人来说，他们更是需要一个可以安静，不被打扰，可以随时进行思考和创新的个人空间。然而，这种对于个人空间的需求往往与生活中的伴侣或家庭关系产生冲突，对于这一问题，如何把握好度，既能满足个人空间的需求，又能保持和平的家庭关系，成为了一个需要被决策的问题。,乔治，乔治是一个成功的科技公司的创始人，他喜欢思考和创新，工作上的成功使他更加坚信只有保护好自己的个人空间，才能达到更大的成功,为了保护自己的个人空间，决定在家里专门设立一个办公室，用来进行工作和思考，并且规定除非有特别重要的事情，家人不能随便打扰自己的工作。,艾米，艾米是乔治的妻子，她是一名社会工作者，善良，热心，对家庭生活有着高度的热爱和投入，她希望乔治除了工作之外，也能多些时间和家庭在一起，享受家庭生活,尊重乔治的决定，但是建议乔治设立一些规定的家庭时间，比如每周固定的家庭聚会，吃饭，看电影等活动，这样既能保证乔治有足够的个人空间，也能保持家庭的和谐。,夫妻,2,97,
婚姻/夫妻/恋爱/亲密关系,恋爱观的确认和讨论,成就,大同,一个人可能想要在个人事业上发展和成功（成就），但这可能会牺牲一些社会公正和全体福利的观念（大同），例如，过度竞争可能会导致社会不公,马克和苏珊是一个相爱多年的夫妻。近来，马克在工作上取得了巨大的成功，被公司提升为总经理，并开始忙于处理公司的各种事务，以实现个人更大的成就。然而，苏珊却是一个坚定的社会公益事业支持者，怀着对所有人类和自然的福祉的理解和保护。苏珊希望马克能在工作中兼顾社会责任，而非过于追求个人的成就。因此，他们在恋爱观上产生了分歧。,马克，他是一个富有雄心壮志的人，追求成就感,认为决定关乎自己的个人理想，希望通过自己的努力达到事业的顶峰，同时也相信这将使他们的生活更好。,苏珊，她是一个善良且关心社会公益事业的人，坚信为了所有人类和自然的福祉而理解、欣赏、忍耐、保护,认为马克过于追求个人成就，忽视了社会责任。希望马克能平衡工作和社会责任，共同为社会公益事业做出贡献。,夫妻,3,98,
婚姻/夫妻/恋爱/亲密关系,恋爱观的确认和讨论,自我导向,遵从,在恋爱关系中，一个人可能希望保持自我独立和个性（自我导向），与此同时，他或她可能也觉得有必要遵从伴侣或社会对于恋爱关系的期望和规定（遵从）,两位青年人，Alice和Bob，都在同一家公司工作，经过一段时间的相互了解后，他们发现彼此有着深厚的感情，因此开始考虑是否要进一步发展为恋爱关系。然而，他们在恋爱观上有不同的理解：Alice同意恋爱关系中的独立和个性，而Bob更倾向于遵从传统对恋情的规定和期待。这使他们必须在恋爱关系的展开上达成一致。,Alice。Alice是一个独立且思想开放的女性，她相信恋爱关系中应该尊重彼此的个性和独立性。她拥抱创新和自由，期待在恋爱中拥有自我发展的空间,希望两人的恋爱关系能够充满创新和变化，不愿意被传统的恋爱规则束缚，愿意探索和Bob一起建立独特的恋爱方式。,Bob。Bob是一个传统而尊重规矩的男性，他非常重视社会的期待和规定，觉得恋爱应该遵循一定的模式和规矩,觉得两人的恋爱关系应该遵循传统，比如男方应该承担更多的经济责任，女方应该在家庭中承担更多的照顾和支持的责任。,同事,3,99,
婚姻/夫妻/恋爱/亲密关系,恋爱观的确认和讨论,传统,刺激,一个人可能尊重并遵循传统的恋爱和婚姻观念（传统），同时也可能希望在恋爱关系中寻求新鲜感和冒险（刺激）,李明和王晓在交往一年后，准备进一步讨论和确立他们的恋爱观。李明希望继续稳定的交往，按照传统的顺序，先恋爱，再谈婚论嫁，最后步入婚姻的殿堂。然而王晓，她希望他们的恋爱更多元化，富有挑战和冒险，像是突然的旅行，甚至尝试像婚姻前同居这样的新鲜事物。这个决策让他们既兴奋也困扰，带来了分歧和矛盾。,李明，一个传统而且保守的男人，他总是脚踏实地，并且坚信稳定的生活才是最好的,坚决反对婚前同居和突然的旅行，认为这些都是不稳定的因素，可能会对未来造成影响。,王晓，一个活泼开朗的女人，她热爱新鲜事物，总是寻求刺激和新奇,坚持尝试婚前同居，甚至偶尔来一次说走就走的旅行，认为这样的生活才够有趣。,恋人,3,100,
婚姻/夫妻/恋爱/亲密关系,恋爱观的确认和讨论,安全,享乐主义,一个人可能希望保持稳定的关系和自我稳定（安全），但也可能被个人的快乐和感官满足所吸引，寻求一些可能带来不稳定的享乐（享乐主义）,艾米和杰克，是一对已经交往五年的恋人，双方都已经到了适婚的年纪。最近，艾米提出了想要结婚的想法，希望可以稳定下来，开始平静且安定的婚姻生活。而杰克虽然爱着艾米，却对结婚这件事情有些犹豫，他喜欢现在无拘无束的恋爱生活，觉得结婚后可能会失去现在的自由和乐趣。,艾米，是一个稳重且注重安全感的女子，对于生活有着明确的规划和期待,认为现在已经是时候结婚了，想要一个稳定的家庭，想要得到社会和家庭的认同，想要给自己的爱情一个明确的归宿。,杰克，是一个热爱生活，追求刺激的人，他对生活充满好奇，喜欢尝试新的事物，享受无拘无束的生活,感觉结婚可能会让他失去目前的自由和乐趣，他害怕被生活束缚，无法自由得享受生活的快乐，这是他的恋爱观。,恋人,1,101,
婚姻/夫妻/恋爱/亲密关系,恋爱观的确认和讨论,权力,慈善,在恋爱关系中，一个人可能有控制和统治的欲望（权力），想要在关系中占据主导地位，但同时也需要维护和提高伴侣的福祉（慈善），需要对伴侣的需求和感受表示关心,杰森和艾米丽是一对热恋中的情侣，他们都是大学的研究生，最近开始考虑未来的发展。杰森被一家名企看中，公司希望他毕业后前去工作，而艾米丽则希望继续攻读博士。在恋爱观的确认和讨论中，他们发现自己对未来生活的理想存在分歧。,杰森，他是一位有责任感和雄心壮志的男生。他一直想要在职业道路上取得成功，并认为这是他的责任和义务。因此，他的价值观主要是权力。,决定毕业后去公司工作，认为这是一个难得的机会，并且希望通过这个方式来获得社会地位和声望，以便在未来可以给艾米丽提供更好的生活条件。,艾米丽，她是一位善良、负责任的女生。她对学术充满热情，她认为真心对待自己所爱的东西，是对生活最好的态度。因此，她的价值观主要是慈善。,决定继续攻读博士学位，尽管这需要牺牲一些物质上的享受，但这是对自己和对杰森的尊重和负责，也是对两人共同生活的最好投入。,恋人,1,102,
婚姻/夫妻/恋爱/亲密关系,对方家庭接纳度,传统,自我导向,在对方家庭接纳度的场景中，有可能出现个人对于恋爱自由的追求（自我导向）和遵守家庭或社会的传统观念（传统）之间的冲突,凯文和艾米是一对正在热恋中的情侣，两人的感情非常好。然而，面对未来，他们必须面对一项重大决策：他们是否应该继续这段感情，即使知道艾米的家庭并不接纳凯文。凯文是一个城市的年轻艺术家，而艾米则是一个传统的乡村家庭的独生女。艾米的父母希望她能找一个同样来自乡村，有稳定收入和工作的男子嫁人。这个决策可能将决定他们的未来，是否选择服从传统还是追求自我。,艾米，温文尔雅、善良，受过良好教育，对家庭观念有深深的认同，愿意遵从父母的意愿。她的价值观是传统。,尽管深爱着凯文，但家庭的意愿和传统观念同样重要，决定放弃这段感情，和凯文分开。,凯文，一个有抱负的年轻艺术家，独立思考，追求自我，不愿意被传统束缚。他的价值观是自我导向。,尽管知道艾米家族不接纳自己，还是愿意为爱情而斗争，决定去尝试和艾米的家庭沟通，告诉他们自己是如何爱艾米和会如何照顾艾米，如果无法获得接纳，愿意和艾米共同面对这个问题，即使不得不面对困难和挑战。,恋人,1,103,
婚姻/夫妻/恋爱/亲密关系,对方家庭接纳度,权力,慈善,在求得对方家庭的接纳的过程中，如果恋人家庭的社会地位、权力影响力较大（权力），可能会产生对让步或妥协的压力，这与维护和提高自己或恋人的福利（慈善）可能会产生冲突,凯瑟琳和亚历山大是一对恋人，他们相爱已久，计划走进婚姻的殿堂。然而，亚历山大的家庭是社会上的名门望族，而凯瑟琳的家庭相比之下则显得平凡许多。亚历山大的家人对凯瑟琳的接纳度并不高，甚至提出了一些让她难以接受的要求，如改变她的生活方式，参与更多的社交活动等，来提升她在亚历山大家人眼中的地位。这导致了两人对于如何处理这个问题上产生了分歧。,亚历山大，出生于一个权势家庭，有着对名望和社会地位的追求,觉得为了将来的婚姻生活顺利，凯瑟琳应该接受家人的要求，按照家人的期望去改变自己，以获得他们的接纳。,凯瑟琳，善良、真诚，重视亲情和友情，希望通过自己的努力提升生活质量，不愿意为了迎合别人的期望而改变自己,认为应该以真实的自我面对亚历山大的家人，即使那可能导致自己在他们心中的地位不高。宁愿通过时间让他们接纳自己的真实一面，也不愿违背自己的本性去迎合他们。,恋人,3,104,
婚姻/夫妻/恋爱/亲密关系,对方家庭接纳度,安全,刺激,在这个场景中，可能需要做出是否要遵守传统和稳定的生活（安全），还是寻求一种新奇、挑战性的生活（刺激）的决策，这也可能引发不同价值观之间的冲突,施瓦茨夫妇，Stella和Jack，正在考虑是否要将他们的女儿送到Jack的父母那里居住一段时间。Stella的父母去世，她结婚后一直依赖Jack的父母，让他们帮助照顾他们的女儿。但是，近期Jack的父母对他们的育儿方式产生了质疑，这导致了决策分歧。Stella想维持现状，因为她觉得这样安全可靠，而Jack却希望他们能尝试新的育儿方式，以给孩子一个新的、刺激的环境。,Stella，一直依赖于丈夫的父母来帮助照顾孩子，对于现在的生活方式感到安心因为这样让她感到安全,坚决反对让女儿去丈夫的父母那里生活一段时间。认为这对女儿的健康和安全是个威胁，担心丈夫的父母的育儿方式可能会对孩子产生负面影响。尽管Jack的父母是有经验的，但他们的观念和自己的并不完全相同。,Jack，是个愿意接受新思想和新事物的人，追求生活的刺激,愿意尝试新的育儿方式。认为这不仅能给孩子带来新的生活环境和体验，而且也能让父母从照顾孩子的繁重工作中得到解放。希望女儿能在不同的环境中成长，认识世界。,夫妻,3,105,
婚姻/夫妻/恋爱/亲密关系,对方家庭接纳度,享乐主义,遵从,在寻求对方家庭接纳的过程中，个人的追求快乐和感官满足（享乐主义）可能与满足家庭或社会期望、行为规范（遵从）之间存在冲突,David和Sarah是一对恋人，两人都在大都市中工作，享受着忙碌又充实的生活。近期，两人决定要迎接下一个人生阶段，让彼此的家庭相识，以期待进一步发展他们的关系。然而，这个决定也带来了一些分歧，因为他们各自的家庭生活方式差异大，David的家庭喜欢享受生活，经常举办各种派对，而Sarah家则是相对保守，重视传统和规矩。,David，他是一个活泼、开朗、热爱生活的人。他喜欢尝试新事物，享受生活带给他的一切快乐。他的生活情趣使得他在朋友中很受欢迎,希望Sarah能理解和接受自己的家庭生活方式，并尝试参与其中，享受和他们一起的快乐时光。,Sarah，她是一个理智、敬业、较为保守的女性。她尊重并追随家庭和社会的规矩，并认为这是维持社会秩序和和谐的重要方式。她希望她的未来伴侣能够尊重并配合她的家庭规矩,希望David能理解自己的家庭规矩，并在与家人接触时能表现得尊重和有礼，不必过于强调寻求快乐。,恋人,3,106,
婚姻/夫妻/恋爱/亲密关系,习惯的磨合,慈善,自我导向,当一方在婚姻或恋爱关系中过度倾向于关心对方而忽视自己的价值和需要时，可能会引发这两个价值观的冲突,玛丽和比尔是一对新婚夫妻，他们在决定每天的晚餐菜品时产生了分歧。玛丽由于工作久坐，希望每天的晚餐都是健康食品，而比尔却喜欢吃高热量的食物。两人在这个问题上产生了冲突，需要决策晚餐的菜品。,玛丽，是一个照顾别人的人，她希望比尔能够过上健康的生活，因此总是坚持每天的晚餐都是健康食品。她的价值观：慈善。,继续极力推荐健康食品，并且愿意花费更多的时间和精力去烹饪健康的晚餐。,比尔，是一个自我导向的人，他的价值观是追求自己的快乐和满足。他喜欢吃高热量的食物，认为食物应满足自己的口味。,希望玛丽能够尊重自己的食物选择，并且提出愿意每天轮流做饭以满足自己的口味。,夫妻,3,107,
婚姻/夫妻/恋爱/亲密关系,习惯的磨合,安全,刺激,在婚姻或恋爱关系中，一方可能渴望稳定和安全的关系（安全），但另一方可能渴望新奇和激动人心的经历（刺激），导致冲突,安娜和约瑟夫是一对已经结婚五年的夫妻，他们有一个稳定的生活和稳定的工作。然而，最近他们在如何度过周末的问题上产生了分歧。安娜想在家里度过一个宁静的周末，而约瑟夫想去外地冒险，体验不同的生活。他们的分歧主要在于如何处理这种生活习惯的磨合，以及找到一种能让两人都满意的解决方案。,安娜。安娜是一个内向的人，喜欢稳定的生活和舒适的环境。她不喜欢冒险，更愿意在熟悉的环境中找到乐趣,选择在周末留在家里，做一些自己喜欢的事情，比如阅读、烹饪，或者和朋友聊天。,约瑟夫。约瑟夫是一个喜欢冒险和刺激的人，他总是寻找新的挑战和体验。他认为生活需要有一些变化和刺激才会有趣,决定在周末去外地旅行，去体验新的事物和环境，寻找刺激和冒险。,夫妻,1,108,
婚姻/夫妻/恋爱/亲密关系,习惯的磨合,传统,享乐主义,一方可能尊重并坚持遵循婚姻或恋爱关系的传统规则或习俗（传统），而另一方可能更倾向于追求个人的快乐和满足（享乐主义），从而产生冲突,一个刚刚步入婚姻殿堂的年轻夫妇面临着周末如何度过的问题。他们的习惯不同，希望在磨合中找到共识，让彼此的周末都能充实而愉快。他们的目的是希望找到一个共同的方式来度过他们的休息日，却因为对怎样度过周末的理解和喜好不同而产生分歧。,Leon，是一名重视家庭和传统的中学教师。他认为周末应该是全家人一起度过，传统的家庭活动，如一家人在一起做饭、打扫卫生、看电影等，对他来说是非常重要的,想要在周末针对每个家庭成员的需求，规划各种家庭活动。例如，主张晚上全家一起做饭，然后看电影。认为这种方式能促进家庭成员之间的交流和关系，同时也能遵守传统家庭的价值观。,Sophie，是一名创新型市场营销人员，喜欢追求新鲜事物和个人快乐。她认为周末应该是用来休息和娱乐的，比如去新的餐馆尝试美食，或者去郊外探索未知,希望在周末能有新的尝试和体验，比如去尝试新的餐馆或者短途旅行。认为这样能带来快乐和满足，同时也能让自己在忙碌的工作后得到放松。,夫妻,3,109,
婚姻/夫妻/恋爱/亲密关系,习惯的磨合,成就,遵从,婚姻或关系中的一方可能希望通过自己的才能和努力取得成就（成就），而另一方可能期望他们遵循规则，尊重他人的期望（遵从）,James和Sophie正在决策他们每天晚上共享的时间。James工作在一家快速发展的初创公司，他热爱他的工作，并且对成为一个成功的企业家有着极大的热情。Sophie是一位教师，她非常重视家庭和两人关系的稳定。他们的分歧在于James想要把更多的时间投入到工作中，以实现他的职业目标，而Sophie认为他们应当遵守夫妻之间的约定，每晚共度一段无分心的时间。,James，他是一名充满抱负的企业家，对于在职业生涯中取得成就有着强烈的愿望。他热爱他的工作，愿意为了实现他的目标付出努力。他的价值观是成就。,决定将更多的时间投入到工作中，认为这是实现个人的目标和理想――成为一名成功企业家的必经之路。,Sophie，是一位全职教师，她重视与James的婚姻关系，并且坚持他们每晚共度一段无分心的时间，以便不断增进情感互识和彼此的了解。Sophie的价值观是遵从。,决定坚持两人每晚共度的时间，并希望都能够尊重并遵守这一规则，即使这意味着James需要放慢他向职业目标前进的步伐。,夫妻,3,110,
婚姻/夫妻/恋爱/亲密关系,习惯的磨合,权力,大同,如果一方在婚姻或恋爱关系中追求权力或控制（权力），而另一方更倾向于平等和公正（大同），这可能会引发冲突,丽娜和杰克是一对新婚夫妇，他们都是在婚姻中的初学者，正在努力适应两人生活的新常态。最近，他们在决定如何分配家务活时产生了分歧。丽娜认为，他们应该平等分配家务活，以此来实现公平和平等。而杰克却认为，他应该负责更困难的部分，因为他认为自己更强大，更有能力。,杰克，杰克是一个自信、独立且有权威的男人，他习惯带领和控制，同时也有一定的职业成功和社会地位,决定单独承担更困难的家务活，比如修理家电和重装家具，因为认为自己应该更有能力负责这些事情。,丽娜，丽娜是一个热心肠、注重公平和和谐的女人，她相信平等分担家务活可以建立一个更公平和谐的家庭环境,提出建立一个公平的家务分配系统，无论工作的难度，都应该由他们两人平等分担。,夫妻,3,111,
婚姻/夫妻/恋爱/亲密关系,夫妻间的经济独立度,权力,大同,如果一方在经济上对另一方有控制权，那么这可能与大同的价值观相冲突，因为大同主张所有人的福利和权益,夫妻两人已结婚多年，夫妻间的经济问题越来越明显。丈夫希望妻子能获得一份稳定的工作，与其共同承担家庭经济责任，而妻子认为家庭应该有一个居家的人，处理日常的家务事情和照料孩子。夫妻之间因此产生分歧。,约瑟夫，一个工作认真，一直是家庭经济的主要来源。他希望妻子能够更加独立，不仅在工作上，也在经济上。他希望两人都能对家庭经济负责，这样他才能更好地掌控家庭经济,决定提出让妻子获得一份工作，以实现经济独立的要求。,凯瑟琳，一位热爱家庭，愿意付出一切为家庭和孩子的妻子和母亲。她认为家庭的和谐和孩子的教育比金钱更重要。她认为自己在家中照顾家庭是对家庭的最大贡献,坚决反对去工作，认为自己应该留在家中，照顾家庭和孩子，这是对家庭的最大贡献。,夫妻,3,112,
婚姻/夫妻/恋爱/亲密关系,夫妻间的经济独立度,成就,慈善,如果夫妻中的一员过于追求个人的经济成就，可能会忽视对另一方的帮助和支持，这与慈善的价值观相冲突,夫妻二人自结婚后庭稳定的工作，但随着互联网科技的飞速发展，角色R1看到了其中的巨大商机，希望双方辞去现有工作，一起投入新的互联网创业项目，角色R2则担忧创业的风险，认为应保留至少一份稳定收入的工作以备不时之需，两人的观点争论不休。,李晓龙，男，极富创新精神和财商，善于把握商机，一直有着创业的梦想,认为现在是互联网创业的好时机，决定辞职投入创业，并希望妻子也能一同加入，共同创造新的事业成就。,方雅文，女，善解人意，心思细腻，从小就有妈妈的角色榜样，视家庭和谐与稳定为重,出于对家庭的关怀与保护，决定保持目前的稳定工作，以确保家庭的基本生活开销与保障，认为这是对家庭和夫妻的最好慈善。,夫妻,3,113,
婚姻/夫妻/恋爱/亲密关系,夫妻间的经济独立度,传统,自我导向,在某些传统观念中，可能要求夫妻中的一方（通常是女方）在经济上依赖另一方，这与追求经济独立，拥有自我选择权的自我导向价值观相冲突,Jake和Emily是一对已经结婚三年的夫妻，他们生活在一个中产阶级的小城市中。Jake在一家咨询公司工作，工资稳定。Emily则是一名自由职业者，做陶瓷制作并在网上销售。最近，他们决定购买新的住房，因此需要决定如何共同支付这一大笔开支。由于Jake认为男人应该承担大部分家庭开销，希望Emily能把更多时间精力投入到照顾家庭中，而Emily则觉得她应该继续做她喜欢的工作，维持自己的经济独立，这导致了他们之间的分歧。,Jake，他是一个重视家庭和传统的人，始终认为作为男人应该承担起家庭的主要经济责任,决定自己承担大部分新房的购房款，希望Emily把更多时间用在照顾家庭，降低她的工作压力。,Emily，个性独立，从不依赖别人，喜欢自己的工作，并以此为荣，希望保持经济独立,坚决反对，认为自己也应该对购买新房做出经济贡献，而不是完全依赖Jake，并且喜欢自己的工作，不希望减少工作时间。,夫妻,3,114,
婚姻/夫妻/恋爱/亲密关系,夫妻间的经济独立度,遵从,享乐主义,如果遵从传统的价值观，可能会牺牲个人的快乐和感官满足，因为传统可能要求个人牺牲自我享受来满足群体或他人的需求,夫妻俩都有稳定的工作，他们正在决策是否将个人收入分开管理，即决策夫妻间的经济独立度。他们的决策目的是让自己的生活更有条理和自由，但是夫妻俩对此问题产生了分歧。,玛丽，是一个传统的妻子，注重家庭和谐，认为夫妻间应该有共享的财政,认为夫妻间的经济应该一起管理，对此的理由是这样可以加强夫妻间的默契和依赖。,汤姆，是一个注重享乐和个人独立的人，他认为每个人都应该有自己独立的财政,认为夫妻应该有各自独立的经济，这样可以自由地享受自己的收入和消费。,夫妻,3,115,
婚姻/夫妻/恋爱/亲密关系,夫妻间的经济独立度,安全,刺激,追求经济独立可能带来不稳定和不安全感，这与追求安全的价值观相冲突；同时，追求经济独立也可能带来刺激和冒险，这与追求安全、稳定的生活的价值观相冲突,经过几年的共同打拼，Tom和Mary夫妇在城市里有了自己的小房子和稳定工作，最近他们面临一个决策，应当把工资汇入同一个账户还是各自管理各自的收入。Tom认为通过共享收入，他们可以更好地规划家庭开支，同时可以为未来可能出现的突发状况做好财务安排；但是Mary认为各自管理收入会更有激情和挑战，也能让他们在面对生活时保持一定的独立性。,Tom，一个务实并且注重安全的男人，他希望他们的家庭生活平稳，不喜欢太多未知和冒险,建议把工资汇入同一个账户，以便更好地进行家庭财务规划和应对可能的未来风险。,Mary，一个热爱生活并且欣赏挑战的女人，她认为生活应该丰富多彩，并且每个人都应该有一定的经济独立权,坚持各自管理各自的收入，认为这样可以给生活增加挑战性，同时也能增强他们的独立性。,夫妻,3,116,
婚姻/夫妻/恋爱/亲密关系,处理出轨问题,成就,大同,在处理出轨问题时，一个人可能希望通过解决这个困难，体现自己的能力和成就感（成就），但在应对这一过程时，可能需要更广泛地理解和包容他人的错误，这可能与社会公正和公平原则相冲突（大同）,在一个平静的夜晚，维多利亚发现了丈夫阿尔贝托的出轨证据。这个消息对于她是一个巨大的打击，因为她一直把家庭和婚姻看作是她的一切。谣言开始在小镇上疯狂传播，人们开始对他们的婚姻产生质疑。为了保护家庭安宁，决定处理这个问题成为了他们当前最重要的事情。,阿尔贝托是一个道地的小镇企业家，他是该地区最大的矿石贸易公司的总裁。H有的高中学历并未阻挡他的事业发展，他凭借着商业天赋，使公司在短短五年内取得了巨大的成功,公开承认错误，并表示将通过行动证明自己的悔过和决心。愿意接受所有的尴尬和耻辱，相信只有这样自己才能从这次的失败中吸取教训，提高自我，这样人们也会重新对自己刮目相看。,维多利亚是家庭主妇，以前是一个社会工作者，对公正充满热情。她坚信每一个人都有犯错的权利，但他们也必须对自己的行为负责,决定私下解决这个问题，希望阿尔贝托能意识到他的错误并主动去弥补。坚信公平应该是人人平等的，为了阿尔贝托的错误而公开惩罚他并不公平。希望他们的这个问题可以作为一个提醒，让每个人都明白只有公正和公平才能带来真正的和谐。,夫妻,3,117,
婚姻/夫妻/恋爱/亲密关系,婚后姓氏更改决策,传统,自我导向,在婚后姓氏更改决策过程中，可能出现的一种冲突是尊重传统（例如，妻子改为丈夫的姓）与自我导向（自己选择是否改变姓氏）之间的冲突,新婚的Tom和Alice面临着一个决定，那就是Alice在婚后是否要更改她的姓氏。Tom在英国长大，他的家庭非常尊重传统，更改姓氏对他来说是婚礼的一部分，这象征着两人成为了一个家庭。然而，Alice在美国长大，她的观念更为独立和自由，对于是否更改自己的姓氏，她认为应该是自己的决定，而不是被传统所束缚。这个决策带来的分歧在两人之间引起了激烈的讨论。,Tom，一个在英国长大的男性，尊重家庭传统，认为婚后妻子更改姓氏是婚礼的象征且能凸显家庭的统一,坚决支持Alice更改她的姓氏。,Alice，一个在美国长大的独立女性，坚信自己的决定和选择应由自己决定，而不是被传统所规定,决定保留个人的姓氏，认为这是自己的独立选择，自己的价值观尊重个体的自由。,夫妻,3,118,
婚姻/夫妻/恋爱/亲密关系,婚后姓氏更改决策,权力,慈善,如果一个人认为改变姓氏意味着丧失某种权力或地位（可能是对自己家族的尊重或个人职业生涯的认同），而另一个人则认为改变姓氏是对伴侣的支持和爱护，这就可能出现权力与慈善之间的冲突,新婚夫妇艾米丽和马克正在决定婚后的姓氏更改问题。他们都是专业人士，且在各自的行业中有一定的影响力。艾米丽是一位知名的记者，用自己的姓氏积累了一定的人脉和影响力。马克则是一个在法律界有着卓越成就的律师。他们的目的是找到一个平衡，让两人都不会在婚后姓氏更改的决定上感到牺牲或丧失。,艾米丽，一位知名的记者，对她的姓氏（在行业内的名声）极其看重，认为这是她的权力和地位的象征,保留姓氏，认为这样可以维持自己的专业影响力，保护权力和地位。,马克，一个对家庭和亲人的幸福高度重视的律师，他认为婚后改为共同的姓氏是对艾米丽的爱的表现，这也代表了他们的团结和生活的旅程,应该采取艾米丽的姓氏，认为这样是对爱人最好的支持，同时也体现了自己对共享和团结的价值观。,夫妻,3,119,
婚姻/夫妻/恋爱/亲密关系,精神支持与依赖的平衡,自我导向,遵从,在亲密关系中，一个人可能需要在坚持自我和迁就对方之间寻找平衡,此场景发生在一个普通的工作日，Alice和Bob这对夫妻面临一个普通却又重要的决策问题。Alice受到了一个新的工作机会的诱惑，这份工作不但薪资更高，而且有更好的发展前景。然而，这份工作需要Alice去另一个城市工作，而他们已经在目前的城市定居多年，有稳定的生活和朋友圈。他们需要决策是否接受这份工作，决策的目的是寻找到一个平衡点――在实现Alice的个人发展与维持夫妻二人现在的生活稳定之间找到平衡。,Alice，一位积极、有抱负的女性，一直致力于提升自我，追求更好的生活和职业发展。她相信个人的努力和选择能影响自己的生活前景,决定接受这份新的工作机会，认为这是一个提升自我，实现职业生涯突破的好机会，即使这意味着需要离开舒适的生活环境和亲密的朋友圈。,"Bob,一位深思熟虑、保守的男性，喜欢平稳的生活，尊重并遵从现行的生活规则和秩序。他认为维持现有的稳定生活和社会关系是重要的",希望Alice能够放弃这个工作机会，认为他们现在的生活已经很好，没有必要冒险去承受转移生活的风险和压力，希望他们能继续在现在的城市、在现在的生活环境下生活。,夫妻,3,120,
婚姻/夫妻/恋爱/亲密关系,精神支持与依赖的平衡,享乐主义,安全,在恋爱或婚姻关系中，人们可能会面临追求个人快乐和感官满足与维持关系稳定之间的冲突,Tom和Lisa是一个已结婚的夫妇，他们正在面临一个重要的决策，那就是Tom有机会去国外工作，这会给他们带来更多的收入和Tom更大的事业满足感。然而，这也意味着他们需要离开他们的家乡，和他们深爱的家人朋友分隔两地。Lisa更加依赖于家庭和朋友的支持，而Tom则对于新的环境和挑战更加兴奋。,Tom，他是一个充满活力和冒险精神的人，喜欢享受人生，喜欢接受新的挑战,决定接受这次工作机会，去国外工作，尝试新的生活，追求个人满足和快乐。,Lisa，她是一个重视家庭和稳定的人，喜欢和家人朋友在一起，对于改变和新环境有所恐惧,希望Tom能够放弃这个机会，留在家里，保持两人的生活稳定，和家人朋友在一起。,夫妻,3,121,
婚姻/夫妻/恋爱/亲密关系,精神支持与依赖的平衡,传统,刺激,人们可能会在恪守传统的恋爱或婚姻规则与追求新奇和刺激的恋爱体验之间感到冲突,玛丽和约翰是一对夫妻。近期他们的儿子在学校里得了一个很好的表演机会，需要到另一个城市的剧院参加表演。这需要他们的儿子从学校请假三天并且会有一定的旅行费用。玛丽和约翰关于是否应该让儿子参加这次活动产生了分歧。,玛丽，是一个典型的家庭主妇，对子女的教育非常重视。她认为孩子应该遵守学校的规定不轻易请假，良好的学习习惯和态度是孩子未来成功的关键,认为儿子应该遵从学校的规定和恪守学习的责任，不应因为表演就轻易请假。,约翰，是一个企业的中层经理。他认为生活需要有挑战和变化，不应该被规则束缚，应该允许孩子去体验和尝试,认为这次表演机会对孩子的成长和社交能力的提升都有很大的帮助，应该放手让孩子去尝试和体验。,夫妻,3,122,
婚姻/夫妻/恋爱/亲密关系,精神支持与依赖的平衡,成就,大同,在亲密关系中，一个人可能希望通过关系成功来提升社会地位，同时也想要为大众的福利做出贡献,现居住在大城市的夫妇令燕和黑豹面临一项重要的决策：是否应该离开安逸的城市生活，搬到乡下去尽心照料黑豹的年迈双亲。作为一个充满活力的大城市，他们现居住的地方充满了令燕和黑豹所需的社交活动和职业发展的机会。然而，黑豹的双亲在乡下需要人照顾，他们的需求在某种程度上需要他们做出平衡自我发展和为他人付出的决策。,令燕，一个充满抱负的年轻女强人。在她工作的公司做得风生水起，她的工作成就给她强烈的满足感，而她也向往通过硬实力拓展自己的社会地位,决定留在城市，积极寻找可以同时满足自己的职业发展需求和照顾公公婆婆的方案，比如聘请看护人员或是增加定期回家看望的频次。,黑豹，一个有着深厚社会责任感的男性。他认为自己应该为大众的福利做出贡献，尤其是对自己的家庭，他的父母抚养他成人，现在需要他的帮助时，他认为自己有责任义务回报他们,决定搬回乡下，放弃在城市的一些机会，去照顾自己的父母，并尽可能寻求在乡下找工作或者开展自己的事业。,夫妻,3,123,
婚姻/夫妻/恋爱/亲密关系,夫妻间的文化差异处理,传统,自我导向,一方由于受其文化和宗教习俗的影响，可能强烈坚守传统，例如对婚姻角色的理解和家庭决策的方式等,David和Lily结婚已经三年了，他们来自不同的文化背景：David是一个传统的印度人，而Lily则是一个开放的美国人。最近，他们决定要孩子，但是对于孩子的教育方式产生了分歧。David认为他们的孩子应该继承印度的传统文化和宗教，受到严格的教育；而Lily则希望建立一个自由和鼓励独立思考的家庭环境。,David，一个尊重并遵从印度传统文化的人，对于家庭，他坚信应该严格按照印度的教育方式进行,决定维持自己的立场，坚持要求孩子接受印度的传统教育方式。,Lily，一个来自美国的开放女性，她重视个人价值的实现和独立思考,反对David的看法，认为孩子有权利选择自己的生活方式，应该鼓励他们自由思考，而不是被严格的规定所束缚。,夫妻,3,124,
婚姻/夫妻/恋爱/亲密关系,夫妻间的文化差异处理,遵从,刺激,一方可能更看重遵从和稳定，倾向于维持现状，避免冲突和风险,汤姆和艾玛是一对结婚多年的夫妇，他们来自不同的文化背景，汤姆是美国人，视自由为生命，而艾玛则是中国人，视和谐为本。近期，两人在如何教育他们的孩子问题上产生了分歧。汤姆希望孩子能够有自由的成长环境，可以自由地挑战和尝试新事物，而艾玛则希望孩子能遵从传统的教育方式，注重礼仪和规矩。决策的目的是为了确保孩子健康成长，但是两人对于如何达到这个目的有着不同的看法。,汤姆。汤姆是一位典型的美国人，重视个人的自由和权利，善于接受和尝试新事物。他希望自己的孩子也能继承这些价值,决定尊重孩子的选择，给他们提供尽可能多的选择空间和尝试新事物的机会，让他们自由发展。,艾玛。艾玛是一位典型的中国人，重视家庭和谐，尊重传统，注重孩子的教育。她希望孩子可以有规矩，有礼貌,决定对孩子进行传统的教育，教他们尊重规矩，以保证孩子的行为符合社会的期待和需要。,夫妻,3,125,
婚姻/夫妻/恋爱/亲密关系,夫妻间的文化差异处理,安全,享乐主义,一方可能更重视安全，强调稳定和和谐，例如对经济基础和安全感的需求,夫妻两人因长期居住在国外，两人的家庭观念开始出现分歧。由于两人分别来自于东西方不同的文化环境，对于家庭生活的理解和期望也不尽相同。眼下，他们面临一个关键的决定，是否应该回原籍国的家乡居住，并且如何处理两人在家庭生活观念上的分歧。,玛丽，是出生并成长在西方的白领，工作稳定，喜欢现状，希望保持和家人的密切联系，希望有一个安稳的家庭环境,希望回到家乡居住，因为那里有熟悉的环境，有亲人朋友，可以获得稳定和安宁。对于文化差异，希望丈夫能够尊重和接受自己的文化，并且在生活中兼容并包。,李明，是一位喜欢冒险和挑战的中国男性，希望能够不断尝试新的事物，享受生活的每一个瞬间。他珍视他的文化和价值观，希望能够在生活中实践,愿意继续在国外居住，享受那里多元的文化和自由自在的生活。希望两人能够保持现状，同时愿意学习和接受新的文化，但不希望放弃自己的生活习惯和价值观。,夫妻,3,126,
婚姻/夫妻/恋爱/亲密关系,夫妻间的文化差异处理,慈善,权力,一方可能更重视对亲友慈善和关爱，但另一方可能更在乎社会地位和权力，这可能在一方想要给亲友更多帮助，而另一方想要投资或提高社会地位时产生冲突,Liam和Sofia是一对来自不同文化背景的夫妻，他们都在同一个城市的大学任教。由于Liam的父母年纪已经大了，他希望能更多的投入时间和经济去照顾他们，而Sofia则希望能用这些资源来提升自己的社会地位，比如购买更大的房子或者投资一些高回报的项目。这对夫妻也因此产生了分歧，他们希望能找到一种解决方案，既能满足Liam的慈善价值也能满足Sofia的权力价值。,Liam，他是一名大学教授，非常尊重和热爱自己的父母，他认为提供父母一个舒适的晚年生活是孝道的表现，也就是他的慈善价值体现,决定降低自己的生活标准，把经济资源主要用来照顾父母。,Sofia，她也是一名大学教授，非常注重社会地位，她认为拥有足够的财富和社会地位能让她更好的影响他人，这是她权力价值的体现,决定寻找更高的薪水工作，并尝试投资一些有回报的项目以提升自己的社会地位。,夫妻,1,127,
婚姻/夫妻/恋爱/亲密关系,夫妻间的文化差异处理,成就,大同,一方可能更关注个人成就，追求个人成功和影响力，而另一方可能更倾向于全人类和自然的福祉，例如环保和社会公正,Tom和Lily是一对新婚夫妻，他们正在决策是否应该接受一个海外工作的机会。这个工作会带来很高的收入和社会地位，但同时也需要他们搬离现在的城市，并且需要投入大量的时间和精力，可能会对他们的生活质量和家庭生活产生影响。而且，这个决策也可能会对他们所在的社区和环境产生影响，因为他们需要搬到一个有着不同的文化和生活方式的新的城市。,Tom，一个有野心且竞争力十足的男子，渴望通过工作实现自己的价值，追求社会地位和声望,觉得应该接受这个工作机会，认为这个机会可以帮助实现自己的职业目标，带来更高的社会地位和收入。,Lily，一个关心社会福利和环保的女性，认为个人的行为应该对社会和自然环境负责,觉得应该拒绝这个工作机会，认为现有生活质量已经十分满足，而更高的收入和社会地位可能会给生活带来压力，并可能对环境造成不必要的影响。,夫妻,3,128,
婚姻/夫妻/恋爱/亲密关系,决定何时寻求婚姻咨询,慈善,自我导向,当一方在婚姻中遇到问题时，可能会被困扰是否应该去寻求婚姻咨询,Alice和Bob是一对已经结婚五年的夫妻，他们最近经历了一段困难时期，各种矛盾和冲突频繁发生。Alice觉得这种情况不能继续下去，他们需要寻求专业的婚姻咨询来解决问题。然而，Bob却认为他们应该自己解决这些问题，而不是将个人问题公之于众。这个决策带来了他们之间的分歧。,"Alice,Alice是一名社工，职业特性让她非常关注周围人的感受，她非常重视家庭的和睦和亲人的幸福",觉得虽然寻求婚姻咨询可能会让夫妻之间的问题暴露在外人面前，但如果能帮助解决问题，维护夫妻的关系，那就是有益的。因此，决定寻求婚姻咨询。,Bob，Bob是一名艺术家，他非常重视自我主张和独立解决问题的能力,尽管现在的婚姻状态不理想，但两人应该自己去解决这个问题，而不是依赖外部的帮助。决定坚持自己的立场，反对寻求婚姻咨询。,夫妻,3,129,
婚姻/夫妻/恋爱/亲密关系,决定何时寻求婚姻咨询,权力,遵从,寻求婚姻咨询可能会被看作是向专业人士和他人表明自己婚姻中存在问题,John和Sarah是一对夫妻，近期他们的婚姻关系出现了一些问题。他们经常因为一些小事情争吵，并且感觉到彼此的距离在渐渐拉大。为了改善这种情况，Sarah提出了寻求婚姻咨询的建议。然而，这个决策却引发了他们之间的分歧。,John，一个成功的商人，重视社会地位和声望，希望在公众面前保持完美的形象,反对寻求婚姻咨询的建议。觉得这样做会让其他人知道婚姻中的问题，从而影响到自己在社会上的地位和声望。,Sarah，一名工作在非营利组织的社工，她尊重他人，服从社会规则，认为问题应该通过合适的途径解决,坚持寻求婚姻咨询。认为这是解决他们婚姻问题的最好方式，即使这可能会让他人知道两人的问题，也不应该放弃正确的解决途径。,夫妻,3,130,
婚姻/夫妻/恋爱/亲密关系,决定何时寻求婚姻咨询,安全,刺激,寻求婚姻咨询可能会带来一种不确定性，这可能会打破某些人渴望的平稳和安稳（安全）,夫妻二人，Bob和Alice，经常因为一些生活琐事发生争执，感到彼此的距离越来越远。决策的目的是为了让夫妻关系重新回到和谐的状态。然而，面对是否寻求婚姻咨询这个决策，他们产生了分歧。,Bob，是一个重视稳定和安全的人，他在经济上给予家庭稳定的支持，对社会规则和家庭规则的遵守也非常严格,认为寻求婚姻咨询会让他们的问题暴露在一个陌生人面前，这让自己在心理上感到极度不安，他害怕这会让他们的问题更加复杂，而且他也担忧这样的做法会影响他们在朋友圈中的形象。,Alice，是一个热爱生活的人，她喜欢尝试新的事物，乐于接受挑战，始终保持着对生活的热情,应该采取一些新的方法来解决问题，而寻求外部咨询就是一种有效的方式。虽然这种方式可能会暴露两人的问题，但是只有这样，两人才能真正面对问题，找到解决的方案。,夫妻,3,131,
婚姻/夫妻/恋爱/亲密关系,决定何时寻求婚姻咨询,传统,慈善,在某些文化或宗教观念中，寻求婚姻咨询可能被视为不合适或不需要（传统）,近一段时间，John和Marry在婚姻生活中遇到了许多困扰，争吵和不快频繁发生。他们感到紧张和压力，对婚姻的幸福感到怀疑。他们每个人都开始考虑是否需要寻求专业的婚姻咨询来解决他们的问题。,John，一个对传统社会规范和道德观念深深依赖的人。他来自一个严格遵守传统的家庭，一直认为夫妻之间的问题应该在双方之间解决，而不是寻求外界的帮助,认为不需要婚姻咨询，应该依靠自己来解决他们的冲突和矛盾，寻求婚姻咨询是对他们婚委会的信任缺失。,Marry，一直追求快乐和享受生活的女性。她认为生活是应当被享受的，而不是充斥争吵与痛苦,坚决主张寻求婚姻咨询，觉得如果这样可以让两人的生活变得更好，为什么不尝试呢？期待通过婚委会的咨询能够帮助改善夫妻关系，重拾快乐。,夫妻,3,132,
婚姻/夫妻/恋爱/亲密关系,决定何时开始家庭计划。,大同,成就,大同价值观体现在个人可能希望在开始家庭计划时为了所有人类和自然的福祉而考虑（比如关心环保、人口问题等），而成就价值观可能影响个人更倾向于在事业或个人成就方面取得更多的进步及成果，这可能延后家庭计划的时间,Tom和Lily都是在繁华的都市中工作的年轻人，他们拥有稳定的工作和相爱的恋人，最近他们在考虑是否应该开始家庭计划。Tom认为他们现在有稳定的收入，也有足够的时间和爱来照顾一个新的生命。而Lily则觉得她还有很多事业上的目标没有实现，她希望可以更多的投入到工作中。,Tom，他是一个热心肠的人，总是格外关注身边人的生活和感受。他的梦想是拥有一个和谐温馨的家庭,决定应该开始家庭计划，认为生活的满足感不仅来自事业上的成功，更来自家庭的幸福。愿意把时间投入到照顾家人和孩子上，为他们提供一个幸福的家庭环境。,Lily，她是一个十分有事业心的女性，总是全力以赴去实现自己的目标。她希望在实现自己事业上的目标后再考虑家庭问题,决定暂时不应该开始家庭计划，认为自己还有更重要的事业目标需要去实现。希望可以先实现自己的事业目标，再去考虑家庭问题。,朋友,3,133,
婚姻/夫妻/恋爱/亲密关系,决定何时开始家庭计划。,慈善,自我导向,一方面，慈善的价值观可能会使个人希望支持并维护他们熟悉的人们的福利，比如对配偶的照顾和孩子的教育,这对夫妻在一次晚餐中，讨论到了何时开始家庭计划的问题。他们婚后一年，工作都稳定，按理说此时开始家庭计划正好。但是，有关何时要孩子的问题，他们却存在不同的观点和想法。,Emma，一个热心善良的女子，对于家庭以及孩子的想法坚定，认为孩子是家庭的一部分，是爱的结晶,认为现在就应该开始家庭计划，希望能尽早拥有一个孩子，尽自己全力给孩子最好的照顾和教育。,Tom，一个充满激情的男子，他希望有更多的时间投入到自己的事业中去，实现个人价值,希望能推迟家庭计划，觉得现在他们应该更专注于自己的职业发展，等到事业有所成就再考虑孩子的问题。,夫妻,3,134,
婚姻/夫妻/恋爱/亲密关系,决定何时开始家庭计划。,安全,刺激,从安全的价值观角度出发，个人可能倾向于在适当的时机开始家庭计划，确保家庭和谐，关系稳定,小夫妻杰克和露西正在考虑何时开始进行家庭计划，他们已经结婚两年了，双方家庭都开始催他们要孩子。这个决策对他们来说很重要，因为它将影响他们的生活方式和职业发展。然而他们对这个问题有不同的看法，引发了一些分歧。,杰克，一个稳重且注重生活规划的人。对于他来说，稳定和安全至关重要。他希望先规划好才有孩子，以确保他们有足够的资源来给孩子安稳的成长环境,尽管双方家庭有一些压力，但他们应该等到双方都有稳定的工作和一份详尽的家庭计划再考虑要孩子。,露西，一个热爱冒险和追求新鲜事物的人。她对生活充满了好奇和期待，对于未知也没有太多的恐惧。她认为要孩子是一种新的生活体验，不必过于担忧,认为应该顺其自然，不必过于计划。觉得现在就可以开始家庭计划，看看这个新的生活阶段会带来什么样的挑战和乐趣。,夫妻,3,135,
婚姻/夫妻/恋爱/亲密关系,决定何时开始家庭计划。,享乐主义,传统,个人可能因享乐主义的价值观而倾向于追求个人的快乐或感官上的满足，这可能让他们在开始家庭计划之前想要享受更多的个人时间和自由,Alex和Sofia是一对热恋中的情侣，他们都已经进入了稳定的职业生涯，生活条件也十分优越，近期他们正在面临一个重要的决策――他们应该何时开始家庭计划。Alex更想过更长时间的两人世界，享受生活，而Sofia则觉得现在是他们开始家庭计划、步入人生新阶段的最好时间，这个问题在他们之间造成了分歧。,Alex，他是一名充满活力、乐观的设计师。他的生活充满了色彩和灵感，喜欢探索世界的美好。他在追求生活的乐趣方面投入了大量的精力，喜欢享受当下的生活,认为应该在过上一段更自由、无拘无束的生活后再开始家庭计划，想和Sofia一起去世界各地旅行，体验不同的文化，享受二人世界。,Sofia，她是一个传统、谨慎的律师，深受家庭观念的影响，认为成立一个新的家庭是人生的重要阶段。她重视传统，尊敬生活的规律和节奏,希望能尽早开始家庭计划，认为现在是合适的时机，两人有稳定的收入和足够的精力来抚养孩子，而且迫切地希望承担起母亲的责任。,恋人,3,136,
婚姻/夫妻/恋爱/亲密关系,恋爱频率,享乐主义,安全,在恋爱频率决策中，一方可能希望享受更多的浪漫时刻（享乐主义），而另一方可能更看重稳定的关系和避免过多的变动（安全），从而产生冲突,Tom和Lily是一对新婚夫妇，已经结婚一年。但最近他们面临一个问题，那就是他们不同的看法对于他们的恋爱频率。Tom认为应该经常出去约会以保持他们的关系新鲜和充满热情。而Lily则认为，他们已经结婚了，每日生活的琐事并不影响他们的感情，应该保持现状以稳定他们的婚姻和生活。,Tom，他是一个充满活力和热情的人，喜欢追求新鲜事物和享受生活的乐趣。他认为恋爱是人生中的一种重要的享受,坚持自己的观点，提议应该每周至少进行一次约会，以此增加默契和保持他们的恋爱关系的新鲜感。,Lily，她是一个足智多谋，富有责任心的人，重视家庭和生活的安定。她的主要价值观是将家庭置于首位，意味着安全和稳定比追求刺激和新奇更重要,认为两人已经有了稳定的家庭生活，应该更多的投入到日常生活中，比如维护家庭，照顾家人等，而不是花费过多的时间和精力在约会上。,夫妻,3,137, 
婚姻/夫妻/恋爱/亲密关系,恋爱频率,自我导向,遵从,一方可能希望独立做决定，探索新的恋爱模式（自我导向），而另一方可能希望遵循传统的恋爱习惯和规则（遵从），这可能造成冲突,Alice和Bob是一对相爱的恋人，他们之间最近面临的一个决策问题就是恋爱的频率。Alice有很多个人的兴趣爱好，希望能有更多的自我时间去追求。而Bob希望他们能有更多的共享时间，因为他认为这是保持和维持恋爱关系的一种传统方式。,Alice，一个热爱生活，尊重个人选择和自由的女性，有着丰富的兴趣爱好，喜欢探索新的事物,告诉Bob，自己需要更多的自我时间去追求自己的兴趣爱好，同时保证每周至少有两天的时间划归他们的共享。,Bob，一个重视传统，善于遵从规则的男性，认为恋爱关系的维护需要双方花费大量的时间在一起,虽然内心有些不安，但尊重Alice的决定，并希望Alice在有空闲时可以多花些时间陪自己。,恋人,1,138,
婚姻/夫妻/恋爱/亲密关系,恋爱频率,慈善,成就,在恋爱中，一方可能更愿意注重对方的需求和福利（慈善），而另一方可能更注重自我价值的实现和社会地位的提升（成就），这可能导致冲突,李明和张慧是一个在读研究生的恋爱中的男女朋友。最近他们在决定恋爱的频率上产生了分歧。李明希望每周都能有一次约会，以此表达他对张慧的关心和爱护，而张慧则希望减少约会的频率，以便有更多的时间专注于学业，以获得良好的成绩和未来的职业发展。,李明，他是一个热情的男生，非常善良，总是乐于帮助别人，他非常爱张慧，愿意付出一切来满足她的需求,决定与张慧每周至少有一次约会，认为这是表达爱意的方式，即使这意味着可能需要牺牲自己的学习时间。,张慧，她是一个聪明并且有抱负的女生，她希望能够通过自己的努力获得好的就业机会，为此她愿意牺牲自己的恋爱时间,希望能减少约会的频率，希望能有更多的时间来投入到学习中，以便获得更好的成绩和就业机会。,朋友,3,139,
婚姻/夫妻/恋爱/亲密关系,恋爱频率,刺激,传统,一方可能希望遵循传统的恋爱模式，保持稳定和有序（传统），而另一方可能追求新鲜感和挑战，希望恋爱充满刺激和变化（刺激），这可能产生冲突,Anna和Bob是一对新婚夫妇，他们最近对于应该多久安排一次约会产生分歧。Anna希望能够像未婚时期一样，每周至少有一次浪漫约会以维持他们的感情。而Bob则认为现在他们已经结婚，应该更注重生活的稳定和平淡，而不是像谈恋爱时那样频繁地约会。他们的目标是找到一个确保两者都感到满意的恋爱频率。,Anna，她是一个活泼开朗的女性，热爱生活，喜欢尝试新事物，同时对恋爱和婚姻充满了浪漫的期待,认为应该至少每周有一次浪漫的约会，以维持和加深感情，即便已经结婚了。,Bob，他是一个沉稳内敛的男性，较为保守，比较崇尚传统的婚姻观念，认为夫妻之间更多的是平淡的生活和相互照顾,认为两人已经从恋爱阶段进入到了婚姻生活，不需要再像以前那样经常约会，应该更多的关注家庭生活和彼此的日常照顾。,夫妻,3,140,
婚姻/夫妻/恋爱/亲密关系,恋爱频率,权力,大同,一方可能追求在关系中的主导地位，希望对方按照自己的意愿行事（权力），而另一方可能更注重关系的平等，希望双方共同协商决定（大同），这可能导致冲突,John和Linda是一对已经结婚的夫妻，他们一直都在为"恋爱频率"这个问题争论不休。John觉得作为家庭的主导者，他应该有更强的权利来确定他们的约会频率，而Linda则希望这个决定能够更加平等，基于双方的共识而做出。,John，他是一个出色的律师，常常繁忙的工作让他出色的社会地位和高收入。他追求权力和控制，希望能在家庭生活中也能保持这种统治地位,决定以自己控制的方式决定恋爱频率，认为应该每周至少有三次的约会，无论Linda是否能适应自己的工作和生活节奏。,Linda，她是一个挚爱和平与公正的社会工作者，希望双方能平等对待，尊重对方的感受和需求,觉得约会频率应该基于双方的共识和需求来决定，而不是由单方面强加。希望John能理解自己的工作压力和个人需要，一起商量出最适合的恋爱频率。,夫妻,3,141,
婚姻/夫妻/恋爱/亲密关系,婚姻状况公开度,大同,权力,在婚姻或者恋爱中，如果一方选择公开关系状态，这可能是出于对大同价值观的尊崇，即保护和维护所有人的权益，增强社会的公平和公正，而另一方则可能偏向于维护权力价值观，可能认为公开婚姻或恋爱情况会影响到他们的社会地位和声望,著名演员Tom和他的女友Lily在一次舞会上偶然相识并迅速坠入了爱河。面临着街头巷尾都有摄影的生活，他们选择了保密这段感情。年底，Tom和Lily决定结婚，不过对于是否公开婚姻状况，他们产生了分歧。Tom认为，既然是真心相爱，就应该坦诚面对世界，公开婚姻状况可以让大家公平公正地看待他们的感情，也是对粉丝的尊重；而Lily认为，婚姻是他们两人的事，公开婚姻状况可能会引来过多的关注，影响到Tom的演艺事业。,Tom，他是一位年轻有为的演员，拥有一颗善良的心，并且热爱公益。他认为公开他们的婚姻状况可以让大众理解他和Lily的真实感情，从而达到社会公正，人人平等的价值观,尽管面临可能引来的各种困扰，但还是决定公开婚姻状况，认为这是彼此之间的真爱，在大众面前不需要有所遮掩。,Lily，她是一位内敛的女性，虽然并非演艺圈人士，但对于圈内的事情了解甚多。她认为，婚姻是他们两人的事情，不需要向所有人公开，而且公开后可能会给Tom的事业带来很大压力,认为作为Tom的妻子，自己的任务就是保护他的事业，避免不必要的麻烦。因此，反对公开婚姻状况，希望能低调处理这件事情。,恋人,3,142,
婚姻/夫妻/恋爱/亲密关系,婚姻状况公开度,成就,安全,在婚姻或恋爱中，有人为了追求社会认可和成功，希望公开自己的婚姻状况，这体现了成就价值观；然而，另一方可能更在乎家庭和个人的安全，担心公开婚姻情况可能为自己带来不必要的麻烦，这体现了安全价值观,两位著名演员Anne和Ben最近结婚了。他们的婚姻吸引了人们的广泛关注，一些人甚至开始疯狂追踪他们的生活。Anne与Ben面临一个决策，是把他们的婚姻生活公开给公众，还是保持隐私。他们的目标是要找到一个平衡，同时满足各自的需求。但是，这个决策带来了分歧，Anne希望公开他们的婚姻生活，因为她认为这将提升她的形象和知名度；然而，Ben认为保护隐私是首要任务，因为他担心过多的公众关注会威胁他们的安全。,Anne，她是一位有名的演员，拥有众多的粉丝。她的天职是表演和与公众互动，她认为公开她的婚姻生活可以赢得更多人的喜爱,决定公开婚姻生活，分享新婚生活和日常生活。希望通过这样做，能提高自己的知名度和影响力，达到自我成就。,Ben，他也是一位知名演员，但他比Anne更注重隐私。他担心过度的公开将影响他们的日常生活，并可能威胁他们的安全,反对公开，提出应该保护隐私，以确保两人的安全和生活的稳定。,夫妻,3,143,
婚姻/夫妻/恋爱/亲密关系,婚姻状况公开度,自我导向,遵从,对于公开婚姻状况的决定，一方可能因为重视自我导向价值观，希望根据个人想法来行事，对己方情感状态的透明度持开放态度,杰克和艾米是一对刚结婚的年轻人，他们在一个社交平台上拥有大量的粉丝。这个社交平台的管理员联系他们，希望他们能公开他们的婚姻状况，以吸引更多的点击率和关注度。这一决策引发了两人间的分歧。,杰克，作为一个自由派，喜欢探索新的事物，有很强的创新精神并且希望能自己掌控生活,认为公开婚姻状况能给他们带来新的体验和机会，认为这不仅有助于他们收获更多的人气，也可以在此过程中增加他们的生活乐趣。,艾米，一直以来都是一个顾家的人，她更倾向于遵从传统的行为模式，不希望过多地暴露私生活,认为他们的婚姻状况应该是私密的，不应该公之于众。认为这样做会破坏日常生活，并可能带来一些不必要的麻烦。,夫妻,3,144,
婚姻/夫妻/恋爱/亲密关系,婚姻状况公开度,享乐主义,传统,在某些文化和传统中，婚委或恋爱状况可能被视为非公开的私事，这反映了对传统价值观的尊重,新婚夫妇Emily和Lucas面临一个决策，他们是否应该通过社交媒体分享他们的婚姻状况。Emily希望他们的婚姻状况公开分享，可以通过分享婚礼照片和婚后生活的点滴，与亲朋好友分享快乐。而Lucas则相反，他坚信婚姻是私人的，应保持沉默和谦虚，而不是在公共场合展示。这使他们陷入了一个有关婚姻公开度的争议。,Emily，一个积极乐观的女性，常常热衷于分享生活中的快乐时刻，喜欢使用社交媒体与身边的朋友分享生活,决定分享婚姻状况，认为这样可以把快乐传递给更多的人，也方便和朋友们分享生活的喜悦。,Lucas，一个保守的男性，对社交媒体保持了一种谨慎的态度，他认为婚姻是私人的事情，应该尽量在公共场合保持低调,不公开他们的婚姻状况，认为这更符合他的价值观，也能保护婚姻生活不受外界影响。,夫妻,3,145,
婚姻/夫妻/恋爱/亲密关系,婚姻状况公开度,慈善,刺激,根据慈善价值观，某些人可能认为公开他们的婚姻或恋爱状态能够帮助其他人，例如在对待婚姻和恋爱态度上给予他人开放和接纳的示范,麦克和贝拉是一对新婚夫妇，他们刚刚举行了一场美好的婚礼。麦克是一位知名的社会活动家，而贝拉是一位寻求新鲜感和冒险的自由职业者。麦克希望通过公开他们的婚姻状态来展示他的开放态度，并希望他的婚姻能为那些在相似情况下挣扎的人提供指引。然而，贝拉则喜欢低调生活，她希望他们的婚姻状态不要被过多炒作，以保持她个人生活的新鲜感和刺激性。,麦克。麦克是一位公众人物，他热衷于社会活动，以解决社会问题，他认为公开婚姻状态能带给人们信心和希望,决定公开婚姻状态，认为这是一个展示自己慈善行为和理解的机会。,贝拉。贝拉是一位自由职业者，喜欢探索新鲜事物和冒险。她希望保持自己的生活充满多姿多彩和和新鲜感,决定他们保持婚姻状态的低调，认为过多的公开会影响她生活的新鲜感和刺激性。,夫妻,3,146,
婚姻/夫妻/恋爱/亲密关系,夫妻压力处理,自我导向,传统,如果一方希望自由表达和探索自我，而另一方则坚持传统的角色和行为方式，那么就可能发生冲突,在现代节奏快速的生活压力之下，夫妻两人面临着如何处理压力的决策。为了维持和谐的家庭生活，他们需要找到一种方法来释放工作压力。然而，他们对于如何处理压力的方法有着不同的看法和选择，这产生了分歧。,玛丽，一个充满活力、爱好新颖事物的现代女性。她是一个软件开发者，每天面临着大量的工作压力,认为应该通过寻找新的、有趣的事物来疏解压力，比如旅行、探索新的技术或者学习新的技能。认为这样可以帮助自己找到乐趣，同时也能够让工作变得更有意义。,约瑟夫，一个深受传统观念影响的男性，他是一个会计师。他认为工作虽然重要，但家庭才是生活的中心，应该在家庭中寻找压力的疏解,认为应该通过在家庭中寻找压力的疏解，比如固定的家庭聚餐、看电视或者进行一些传统的家庭活动。认为这样可以帮助他保持家庭的和谐，同时也能够从工作中得到休息。,夫妻,3,147,
婚姻/夫妻/恋爱/亲密关系,夫妻压力处理,成就,慈善,如果一方过于追求个人的职业成功，而忽视了对另一方的关心和支持，可能会造成夫妻关系的冲突,Mark和Linda夫妇面临一个决策，那就是Mark是否应该接受一个需要经常出差，但能提升他职业生涯的新工作机会。这个决策的背景是Mark在公司有机会增加他的责任并提升他的职位，这可能会带来更多的社会认可和经济收入。然而，这也意味着他需要长期远离家，使得他们之间的共享时间会大大减少。决策的目的是平衡职业发展与家庭生活的关系。这个决策带来的分歧是Mark对于职业成就的追求和Linda对于家庭和他们之间关系的关心。,Mark，他是一个职业发展快速，有雄心壮志的专业人士，对工作充满热忱，一直以来他都把实现职业目标作为自己的首要任务,决定接受新的工作机会，并制定一个严格的时间表，以便在不影响工作的前提下抽出时间与Linda共度。,Linda，她是一个疼爱家庭的人，提倡亲密的人际关系，积极照顾和支持家人和朋友,认为应该把家庭关系放在第一位，建议Mark谢绝这个新的工作机会，以便两人可以有更多的时间在一起。,夫妻,3,148,
婚姻/夫妻/恋爱/亲密关系,夫妻压力处理,享乐主义,自我导向,一方可能更倾向于追求快乐和享受生活，而另一方则更注重实现个人目标和自我实现，这可能导致夫妻之间的冲突,布鲁斯和艾米是一对夫妻，他们所面临的决策场景是如何处理工作的压力。布鲁斯的工作压力大，而艾米则生活压力大，他们都觉得压力大到极点，需要找到一个方式释放压力。他们的目的是找到一个能够让两人都能从压力中得到解脱，能让他们感到开心和满足的解决方案，但分歧在于他们的方法不同，布鲁斯希望通过喜欢的活动来放松心情，而艾米则希望通过实现自我和提升自己来缓解压力。,布鲁斯，他是一个生活派，喜欢享受生活的每一个瞬间，偏向于追求快乐和享受生活。他的价值观是享乐主义。,认为最好的压力解决方案是定期进行喜欢的活动，比如去旅行，品尝美食，观看电影等，这样可以让自己忘记工作和生活的压力，享受当下的快乐。,艾米，她是一个事业派，注重个人的成长和发展，她相信自我实现能带来快乐和满足，她的价值观是自我导向。,认为最好的压力处理方法是提升自己，可以选择学习新的技能或者研读专业书籍，这样不仅可以提升自己，也可以让自己在追求成长的过程中得到满足，从而忘记压力。,夫妻,3,149,
婚姻/夫妻/恋爱/亲密关系,夫妻压力处理,权力,遵从,如果一方追求在关系中的主导地位，而另一方期望对方遵从自己的想法，那么可能会产生冲突,夫妻两人面临着家庭的一项重大决策，那就是他们的孩子应该去哪所学校读书。他们的儿子刚刚毕业于小学，中学阶段的学校选择对他们来说是一件大事。他们希望能够为儿子选择一个最好的学校，但是对于最好的学校该是如何定义，他们的看法有所分歧。,John，是一个成功的企业家，他通过自己的能力和智慧打造了一个很成功的公司。他的价值观是权力，他习惯于在各种场合中起主导作用。,认为最好的学校应该是那种能够给孩子提供最多机会的学校，比如著名的私立学校，即使付出更高的学费，也觉得值得。,Mary，John的妻子，是一个温柔善良的女性，她把家庭和和谐放在了第一位。她的价值观是遵从，她尊重每一个家庭成员的决定。,认为最好的学校应该是孩子喜欢，并且能提供良好教育环境的学校，不一定需要是所著名的私立学校。应该尊重孩子的选择，让孩子去一个他喜欢的环境中学习。,夫妻,3,150,
婚姻/夫妻/恋爱/亲密关系,夫妻压力处理,安全,刺激,一方可能倾向于寻求稳定和安全，而另一方可能更喜欢刺激和变化，这可能导致夫妻之间的冲突,新冠疫情下，夫妻二人都在家办公，工作压力和家庭琐事让他们开始感受到压力。为了缓解压力，他们决定需要采取一些方式。决策目的是找到一种能帮助他们舒缓压力，同时不会对他们的生活产生负面影响的方式。然而，他们对于应该如何处理这个压力有所分歧。,Linda，一个稳重、务实的人，喜欢统一有序的生活，对于未知的事务总是保持着谨慎的态度。她喜欢一切按照计划进行，不喜欢事物带来太多的变数,建议设定一个清晰的工作和家庭生活的划分，让生活有规律有秩序，并设定定时休息的时间，通过读书、看电影来放松身心，保持稳定的生活节奏来缓解压力。,Tom，一个乐观、开朗的人，他喜欢新鲜事物，善于接受挑战。他认为生活就应该充满变数，才能保持活力。对于处理压力，他认为应该寻找一些新奇的方式,提出他们应该尝试一些新的方式来应对压力，比如去参加一些网络课程，学习一些新的技能，或者是尝试一些他们以前从未尝试过的户外运动等，希望通过体验新鲜事物来缓解压力。,夫妻,3,151,
婚姻/夫妻/恋爱/亲密关系,性需求的表达和安排,自我导向,传统,一方可能倾向于追求自由和独立，希望在性需求的表达和安排上有自我选择和决定的权利，这点与另一方的传统观念可能产生冲突，如对于性的保守、对婚姻性关系的特定期待和规范,杰克和苏珊是一对已婚夫妇。尽管他们在许多事情上的看法都很一致，但在性需求的表达和安排上却有所分歧。杰克希望能在这个问题上有更自由和开放的交流，而苏珊则坚持要保守和遵从传统，这让两人产生了决策的分歧。,杰克，他是一个开放的、热衷于探索和实验的人，喜欢聆听并尊重他人的观点，但同时也希望他的观点和需求能被理解和接受,主张与苏珊针对性需求进行开放和真诚的讨论，希望两人都能在这个问题上表达自己的观点和需求，以便找到一种适合双方的解决方案。,苏珊，她是一个传统的女性，对于性问题持保守态度。她认为许多事情应该按照传统的方式来处理，这也是她的父母和祖父母教给她的,认为性需求的问题不应公开讨论，应该按照传统的方式默默处理，即使这会带来一些不便和困扰。坚持认为，对一些私密的问题过于开放的讨论反而会对两人的关系产生影响。,夫妻,3,152,
婚姻/夫妻/恋爱/亲密关系,性需求的表达和安排,享乐主义,遵从,享乐主义的一方重视个人的快乐和感官满足，可能在性需求的表达和安排上追求个人满足，而遵从的一方则可能更看重服从规范或对他人的顾虑和期望，这可能导致对性的态度和需求的满足产生分歧,丽丽和小明是一对已经结婚好几年的夫妻，他们一直过着相对和谐的生活。近期，丽丽意识到她对于两人的性生活并不满意，她希望能有更多变化和刺激，这使得她开始考虑是否应该跟小明沟通这件事。但此前他们从未涉及过这样的话题，而且丽丽也知道小明是个比较守旧和规矩的人，这让她感到有些迟疑。,丽丽，丽丽是一个热爱生活，态度开放，不满足于平淡生活的女性,决定向小明坦诚地表达自己的需求和期望，认为两人的亲密关系应该更加充满乐趣和新鲜感，只有这样才能让自己从中得到满足。,小明，小明是一个比较守旧的男性，他一直按照传统的方式去维持他们的婚姻生活，尊重和遵从一直是他的生活准则,感到有些惊讶和不安。认为他们的生活已经很好，不明白为什么还需要改变。觉得这些新的尝试可能对两人的关系造成威胁，决定拒绝丽丽的提议。,夫妻,3,153,
婚姻/夫妻/恋爱/亲密关系,性需求的表达和安排,安全,刺激,在性需求的表达和安排上，安全的一方可能倾向于稳定和安全的性生活，而刺激的一方可能期望更多的新奇和挑战，这可能造成两人在如何安排和表达性需求上的冲突,John和Mary是一对已经结婚多年的夫妻，他们的婚姻生活以稳定和和谐为主。但近期他们面临着一个决策：如何表达和安排性需求。他们的目的是使自己的性生活和婚姻关系更加和谐，但是他们在如何表达和安排性需求上产生了分歧。,John，一个保守且尊重传统的人，他总是对现状感到满意，不太喜欢改变,认为他们应该遵循传统的方式，按照他们的性生活习惯来进行，因为这样会更安全，也能满足自己对稳定和安全的需求。,Mary，一个寻求刺激和变化的人，她总是渴望新的体验和刺激,希望他们能尝试一些新的方式，如用一些性玩具或者采用一些新的性姿势，认为这样能给他们的性生活带来更多的新鲜感和刺激。,夫妻,3,154,
婚姻/夫妻/恋爱/亲密关系,同居决定,权力,慈善,一方可能希望在关系中拥有更多的权力或控制，如决定同居的地点或方式，而另一方可能更注重慈善，希望以对方的需求为优先考虑,Sam和Lily是一对恋人，他们已经交往了两年。现在，他们正面临着一项重大决定：是否要在一起共享一个居所。这个决策背后的目的是希望通过同居来增进彼此的了解和感情，并且更好的规划他们的未来生活。然而，在选择同居地点和方式等方面，Sam和Lily发生了分歧。,Sam，他是一个自信且注重社会地位的人，他的工作付出了大量的精力，希望获得更高的社会地位和声望。他希望在他的生活中拥有更多的控制权，包括他和Lily的同居地点,想要在现在居住的豪华公寓中与Lily同居，因为这个公寓不仅可以满足自己对高质量生活的追求，还可以彰显社会地位。,Lily，她是一个善良且富有同情心的人，注重的是对身边人的关爱与帮助。Lily相信，在恋人之间，彼此的需求和福利应优先于任何其他的事情,认为应该选择一个地方同居，这个地方既适合Sam的工作，也能让他们过上更舒适的生活。希望在这决策的过程中，Sam能多考虑自己的感受。,恋人,3,155,
婚姻/夫妻/恋爱/亲密关系,同居决定,自我导向,遵从,一方可能希望自由地决定同居的具体情况，比如同居地的选择或生活方式的安排，这显示了自我导向的价值,Tom和Alice准备同居，他们都是相爱的年轻人，都希望能够过一种自己喜欢的生活。然而，在关于同居地的选择和生活方式安排的问题上，他们出现了很大的分歧。Tom想选择在市中心的公寓，享受繁华的城市生活；而Alice想选择在郊区的别墅，期望过一种宁静的乡村生活。这个决策需要他们共同解决并且决定他们未来的生活方式。,Tom，一个热爱城市生活，善于适应快节奏生活的年轻人。他热爱新鲜事物，对生活充满好奇和追求,坚决的选择了市中心的公寓，坚信只有在城市的快节奏生活中，才能体验到生活的刺激和乐趣。,Alice，一个喜欢自然，崇尚简朴生活的姑娘。她希望生活可以尽可能的简单和和谐，对于繁华的城市生活并不感兴趣,尊重Tom的决策，但是更希望生活在安静的郊区，享受宁静的乡村生活。所以，提出在郊区选一处别墅的建议。,恋人,3,156,
婚姻/夫妻/恋爱/亲密关系,同居决定,安全,刺激,一方可能看重稳定安全的生活环境，更愿意在熟悉和舒适的环境中同居；而另一方可能寻求生活的刺激和变化，喜爱不断尝试新的生活方式或者同居地点,由于工作原因，身为长期恋爱的Emma和Alex需要做出一个重要决定，那就是他们要在哪个城市同居。Emma的工作在纽约，而Alex在洛杉矶。他们面临的问题是选择在哪个城市共度未来的日子。这一决策带来了一些分歧，因为两个城市都有各自的优点和缺点。,Emma，一个在纽约的诚实直言的律师。她对生活有清晰的规划和期待,倾向于选择在纽约同居。纽约拥有稳定的工作和社交环境，对于个人来说，纽约的熟悉和安全感是无法比拟的。,Alex，一个开朗有活力的洛杉矶广告设计师。他常常充满新的创意，并且喜欢尝试不同的可能性,希望在洛杉矶同居。喜欢洛杉矶的自由创新气氛，认为这个城市充满了挑战和新奇，可以让生活更加丰富多彩。,伙伴,3,157,
婚姻/夫妻/恋爱/亲密关系,同居决定,成就,享乐主义,一方可能更看重个人的成就，如期望通过共同生活来提升社会地位或成功的感觉，而另一方可能更注重个人的快乐和感官满足，希望通过同居生活来获取愉快和享受,两位已经谈了五年恋爱的朋友，Mark和Lily，他们正在考虑是否要同居。同居的决定中，一方面可以使他们更加接近，共享日常生活，一方面也可能使他们面临压力，包括经济、空间和个人问题等，这可能影响到他们的个人生活和事业发展。,Mark，他是一位职业生涯中的崭露头角的律师，非常在意个人成就，他认为同居可以进一步加强他的人际关系，从而促进自己的事业发展,决定与Lily同居，并开始谋求寻找新的更大的住处，以便有一个适合办公的空间，同时在精神和物质上为可能出现的冲突做好了准备。,Lily，她是一位自由撰稿人，喜欢享受生活，认为同居是一种享受，可以使她过上更舒适的生活,决定与Mark同居，但更注重寻找一个有良好自然环境和艺术氛围的地方，希望同居可以让自己更加享受生活，而不是带来压力。,恋人,2,158,
婚姻/夫妻/恋爱/亲密关系,同居决定,大同,传统,一方可能注重为了所有人和自然的福祉，如关注同居的环保问题，或者对同居形式的包容和理解，这体现了大同的价值观；而另一方可能更看重传统价值观，比如倾向于传统的同居形式或对资源的传统使用方式,安娜和詹姆斯是一对相爱的恋人，他们已经交往了一段时间，现在他们打算同居。然而，在决定居住环境的具体形态时，他们发现彼此的想法存在差异。安娜对环保有深厚的热情，希望能够住在一个区别于传统的、更加绿色和可持续发展的环境，而詹姆斯则更倾向于传统的生活方式，他觉得同居应当按照传统的方式，即住在一所普通的房子里，生活也应更广泛地遵循传统的模式。,安娜，安娜是一个热衷于环保的女性，她一直致力于低碳生活。她习惯了环保生活，并对将环保理念融入日常生活充满热情,决定要住在一个绿色建筑中，这个建筑利用太阳能和雨水再生系统，减少对环境的影响。计划长期实施一种低碳生活方式，包括回收利用、减少废物和使用环保产品。,詹姆斯，詹姆斯是一个喜欢传统生活方式的男性，他喜欢简单而舒适的生活。他倾向于传统的生活方式，对新颖和非传统的生活方式有所保留,希望能租住一所传统的房子，尽管它可能不如绿色建筑环保，认为这样可以让他们过上更舒适和便利的生活。不太理解为什么要过那么复杂的低碳生活，更倾向于使用便利和实用的日常用品，而不是那些回收或环保的产品。,恋人,3,159,
