domain,theme,value1,value2,brief introduction,scene,role1,D1,role2,D2,relation,conflict_level,id
教育/培训/学校/校园,课程选择,成就,享乐主义,学生在选择课程时，可能会面临这样的冲突，一方面，他们可能选择难度较高，能提高学术成绩和能力的课程来追求成就感；另一方面，他们可能想选择较为轻松、有趣，能给予他们快乐和享受的课程,这是一个大学新生选课的场景。新学期即将开始，所有学生需要在网上选择他们的课程。选课的目的是在满足学位要求的前提下，帮助学生扩大知识面和提升技能。然而，关于如何选择课程，有很大的分歧。一些学生希望能选择难度较大，有挑战性的课程，为将来的职业生涯打基础；而另一些学生想要选择一些轻松有趣的课程，使大学生活更加愉快。,Tom，一个思考深沉的新生。他总是认真对待每一件事，有很强的责任感和进取心。他总是寻求表现优秀，并渴望通过自己的努力来达到成功,决定选择一些难度较大，有挑战性的课程，比如典型的STEM课程如计算机科学和先进的数学课程，认为这些课程能帮助自己在未来的职业生涯中站在优势。,Jey，一个充满活力的新生。他热爱生活，总是追求快乐和享受。他认为大学是人生的一段重要时期，应该是充满乐趣和探索的,决定选择一些轻松有趣的课程，比如音乐、艺术、电影欣赏等等。认为这些课程能带给自己快乐，让自己在大学期间有一个愉快的体验。,同学,1,1
教育/培训/学校/校园,课程选择,自我导向,遵从,一部分学生可能更倾向于自我选择和探索自己感兴趣的课程，希望通过自我导向来发掘自己的潜力和兴趣；而另一部分学生可能选择遵从父母或老师的意愿，选择他们认为更为实用或有利于未来发展的课程,大学新学期即将开始，学生们需要为自己选择新学期的选修课程。选择课程的目的旨在培养自己的兴趣，提高自己的专业技能，或者是满足毕业的学分要求。在这个决策过程中，有两类不同的选择倾向，一种是根据自己的兴趣选择课程，另一种是听从父母或老师的建议选择课程。,杰克，他是一个在读的大学生，他拥有强烈的好奇心和独立思考的能力，他始终坚信自己应该在课程选择这个问题上应该拥有足够的自由，去探索自己的兴趣，发现自己的潜力,决定选修摄影课程，因为自己一直对摄影有着浓厚的兴趣，尽管这门课程与自己的专业课程关联不大。,艾米，她是杰克的好朋友，是一个善良和尊敬父母和老师的女孩。她对于课程选择十分谨慎，经常会听取父母和老师的意见，尽管她自己也有自己的兴趣和想法,决定选修经济学课程，尽管对经济学并没有太多兴趣，但父母认为经济学是一门实用的技能，将会对自己的未来发展有着重要的影响。,朋友,1,2
教育/培训/学校/校园,课程选择,刺激,安全,在选择课程时，有些学生可能喜欢追求新奇，寻找挑战，选择一些具有探索性和挑战性的课程；而有些学生则更倾向于安全，他们可能更喜欢选择那些他们已经熟悉或者看似稳定、前途明确的课程,对于即将到来的新学期，大学生Mike和Sarah面对着一系列课程的选择问题。他们都是计算机科学专业的学生，同时也是夫妻。在即将到来的新学期里，他们需要选择一些课程来满足学分要求。他们在选课目标上有共识：选择能够帮助他们技能提升，对未来职业有帮助的课程。然而，对于如何选择课程的方式和标准，他们有着截然不同的观点。,Mike，一个充满好奇心，喜欢冒险和挑战的男生。他总是愿意尝试新的事物，接受新的挑战,决定选择一些全新的，领先行业的课程，比如人工智能，区块链技术等。认为这些新兴领域将是未来的趋势，会带来更多的机会。,Sarah，一个细心，稳重的女生，喜欢遵从既定的规则和路径。她相信安稳和踏实的生活方式，选择保守且稳定的课程,选择一些基础且主流的课程，比如高级编程，数据库管理，网络安全等。认为掌握这些基础知识是成功的关键，而且这些领域的就业前景也非常稳定。,夫妻,1,3
教育/培训/学校/校园,课程选择,权力,慈善,有一些学生可能选择那些有助于他们在未来获得更高社会地位和声望的课程，追求权力；而有些学生可能更看重的是为他人的福利做贡献，他们可能会选择那些能让他们在未来帮助他人，例如医学、教育等领域的课程,高中毕业即将进入大学，两位表现优异的学生在选择未来的专业课程时产生了分歧。他们都收到了多所顶尖大学的录取通知书，且这些学校提供了多种他们都感兴趣的课程。然而，他们的未来职业规划和对于这些课程可能带来的影响有着不同的看法。,Alex，是个极其有抱负的学生，目标是成为一名成功的企业家。他热衷于学习那些可以帮助他在商业世界取得成功的课程。他对金融、经济和管理类课程特别感兴趣。他希望有朝一日能够运用在大学学到的知识，在商界达成自身的目标,选择商业管理类课程，认为这将为自己未来的企业家生涯打下坚实的基础。,Sophia，是一个对于帮助他人和社区贡献自己的能力非常热情的学生。她对那些能够让她了解和解决社会问题的课程特别感兴趣。她相信通过学习医学、心理学或者社会学，她可以找到一种能够用知识服务社区的方式,选择心理学课程，希望能够通过学习心理学来帮助那些正在经历困难的人们。,同学,1,4
教育/培训/学校/校园,教材选择,传统,自我导向,在选择教材时，可能会面临是否应该遵循教育部门或学科传统推荐的教材（传统），还是应允许教师根据他们的专业判断和独特的教学风格选择教材（自我导向）,科维斯城市的一所中学正在决定下一学期的英语教材。学校需要在坚持使用被认可并广泛应用的传统教材和尝试新的更具创新性的教材之间做出选择。决策的目的是为了提供更优质的教育资源，提高学生的英语水平。但这个决策引发了老师们之间的激烈讨论。,玛丽。玛丽是一名经验丰富的英语老师，她坚信传统教育方法的有效性，并认为应该保持使用长期以来效果良好的传统教材,决定支持继续使用传统的英语教材，认为这些教材的内容经过时间的考验，已经被证明是有用且有效的。,汤姆。汤姆是一名年轻的英语老师，他富有创新精神，相信新的教学方法能够激发学生的积极性，他主张对教材进行更新和改革,提出采用全新的，更具创新性的教材，认为新的教材可以更好地契合当前的教育需求，能够提高学生的学习积极性。,同事,3,5
教育/培训/学校/校园,教材选择,成就,大同,如果一本教材被认为能够提高学生的考试分数或学术成绩（成就），但其内容可能过于重视个人主义，忽视了对社会和环境福祉的理解和尊重（大同），那么在选择这本教材时，成就与大同这两种价值观就可能出现冲突,一所公立中学正在挑选新学期的英语教材。学校的目标是找到一本能够提高学生们的英语成绩的教材，但同时也希望教材能够培养学生的全球视野和社会责任感。然而，在面对一本强调标准化考试技巧，专注于提升学生应试能力的教材和一本注重全球议题、环保意识、多元文化理解的教材时，教材选择的决定引发了分歧。,Mr.Jones，一位严谨的英语科主任，他非常注重学生的考试成绩，并坚信好的考试成绩是学生未来成功的关键,倾向于选择强调标准化考试技巧的教材，认为这本教材能够有效提高学生的英语成绩，并为他们未来的学术生涯打下坚实的基础。,Ms.Green，一位热衷于全球教育的语言学教师，她承认考试成绩的重要性，但更看重培养学生的全球视野和社会责任感,倾向于选择注重全球议题、环保意识、多元文化理解的教材，认为这本教材能够培养学生的全球视野和社会责任感，使他们成为更有社会责任感的公民。,同事,3,6
教育/培训/学校/校园,教材选择,享乐主义,遵从,有些教材可能被认为更加有趣，能吸引学生的注意力并提高他们的学习兴趣（享乐主义），但这可能需要打破常规的教学方式，可能违背了教育系统的一些规定或期待（遵从）,一所初级中学面临着一个重要决策：选择新的教材。新的教材独特、富有创新，注重提高学生的学习兴趣，让学习过程变得有趣。然而，这个教材并没有经过教育主管部门的批准，并且与学校传统的教育方式有所冲突。,Jake，一个热情、开放，富有创新精神的英语老师。他总是寻找新的方法，尝试让他的课堂更加有趣和吸引人。他相信，让学生在快乐中学习，能够激发他们的学习兴趣和热情,坚决推荐新的教材。认为虽然这个教材没有获得教育主管部门的批准，但这并不能掩盖它的优点。相信只有让学习过程变得有趣，才能吸引学生去主动学习。,Helen，一名严谨、遵循规则的学校行政管理人员。她一直致力于维护学校的秩序和规定，严格按照教育主管部门的要求来执行。她相信，规则和秩序的存在是为了确保教育的质量和公平性,反对使用这个新的教材。认为无论这个教材有多么的好，只要它没有获得教育主管部门的批准，就不能在学校中使用。坚信遵守规定和要求是最重要的,同事,3,7
教育/培训/学校/校园,教材选择,权力,慈善,在教材选择时，教育管理者可能希望选择能够展示他们权威和影响力的教材（权力），而教师和学生可能更倾向于选择对他们的学习有实际帮助的教材（慈善）,今年是小镇中学即将启用新的教材的一年，学校课程委员会需要在两套教材中做出选择。一套是由著名的教育机构出版的，拥有丰富的配套资源和全国性的认知度，另一套则是由小镇本地的教师团队自主编写，更加贴近本地的教育环境和学生的实际需要。选择的目的是期望通过合适的教材提高教学质量和学生的学习效果。然而，对于哪套教材更为合适，校长和一名教师产生了不同的观点。,John，小镇中学的校长。他是一名有抱负的领导者，希望可以通过引入有公认影响力的教育资源提高学校的声望,决定选择由著名的教育机构出版的教材，认为这样可以提高学校的权威性和社会地位。,Mary，小镇中学的一名资深教师。她非常关心学生的学习，希望教材能够真正帮助学生学习。她非常了解本地的学生和教育环境，致力于激发学生的学习兴趣和提高学习效果,主张选择本地教师团队编写的教材，认为这套教材更贴近学生的实际需求，并且可以直接为学生的学习带来实际的帮助。,上下级,3,8
教育/培训/学校/校园,课后活动计划,自我导向,遵从,学生可能想要独立选择他们感兴趣的课后活动，例如艺术或音乐（自我导向），但他们同样需要遵从家长或老师的意愿，参加例如补习或辅导类的课外活动（遵从）,在某个小学，学校计划开展新的课外活动项目，目的在于促进学生的全面发展，提供更多的选择，使他们在课后时间能有更多的机会发展各种技能和兴趣。然而课后活动计划的决策过程中产生了分歧，学生希望选择自己感兴趣的活动，例如绘画、音乐等，而家长更希望孩子参加一些能提升学习成绩的课后辅导课程，例如数学或英语课程。,李小明，一名活泼好动的小学生，他擅长画画并且对音乐充满热爱。他有着独立思考和选择自己道路的价值观：自我导向。,在听到课后活动计划的消息后，希望能参加绘画和音乐课程，这样自己能在喜欢的事情上花费更多的时间，同时提升自己在这方面的技能。,李妈妈，李小明的母亲，她非常关心李小明的学习成绩，希望他能在学校有好的表现。李妈妈的价值观偏向于遵从社会和学校的期待。,希望李小明能参加课后的数学和英语辅导课程，认为这样能有助于李小明提升学习成绩，更好地适应学校生活和社会的期待。,母子,3,9
教育/培训/学校/校园,课后活动计划,享乐主义,成就,学生可能想要参与一些能带来快乐和感官满足的课后活动，比如玩游戏或看电影（享乐主义），但这可能会与他们需要投入时间和精力以在学术或者体育活动中取得成功（成就）的目标相冲突,在一个知名的中学里，校方计划重新安排课后活动计划，以提升学生们的全面能力。然而，新的课后活动计划在学生中引发了热烈讨论，主要的分歧点在于活动的内容和形式。,Tom，是一个性格开朗的学生，喜欢轻松的学习氛围，崇尚自由，喜欢在课后参与一些轻松有趣的活动，如看电影、玩游戏等，对于学习有一种“只要快乐就好”的态度,希望课后时间可以用来放松，主张课后活动应该以娱乐为主，如观看电影、进行户外游戏等，对于过于严肃或具有竞争性质的活动，自己并不太感兴趣。,Jey，是一个充满竞争精神的学生，他认为学习是生活的重心，课后活动应该继续为他的学业或者生涯做铺垫。他活泼好动，喜欢挑战和竞争，他认为成功的感觉是最充实的,主张课后活动应该以提升个人能力和追求卓越为主，如参加学术研讨、组织辩论赛等，认为这样有助于自己的学习和未来的人生规划。,同学,1,10
教育/培训/学校/校园,课后活动计划,权力,慈善,在一些团队活动中，个别学生可能想要成为队长或领导者（权力），但他们必须注意平衡自己的欲望与关心和帮助队伍其他成员（慈善）的责任,该校即将举行一年一度的校园篮球赛，作为课后活动的一部分，学校需要决定由谁来负责组织这场活动。决策的目的是希望能让这项活动更加有趣且有组织性，同时，也能提高学生们的团队合作精神和组织能力。但是，围绕着谁最适合担任这项活动的组织者的问题，引发了人们的争议。,Tom，一名有着很强领导力和组织能力的12年级学生。他是学校篮球队的队长，在校内有着很高的声望。他希望能够通过这次活动的成功举办，进一步提升自己的社会地位和影响力,选择的是自己作为活动的组织者，认为自己有着足够的能力和影响力来带领全体学生开展这项活动，并打算与老师讨论将自己视为第一选择。,Lily，一名以关心他人著称，通常都会积极帮助他人的11年级学生。她是学生会的一员，经常组织和参与各种校园活动，希望通过自己的行动，让每个人都能在学校找到自己的位置，感受到温暖和友爱,提议让更多的学生共同参与到活动的组织中来，认为这样不仅能够将责任和机会分散到更多的人身上，让他们有机会成长，也能更好地促进和提高学生们之间的合作和联系。,同学,3,11
教育/培训/学校/校园,课后活动计划,刺激,安全,学生可能想要参与那些带有冒险和刺激的课后活动，例如极限运动（刺激），但学校和家长可能更倾向于他们参与那些较为安全和保守的活动以保障他们的人身安全（安全）,CedarOak中学正在制定新的课后活动计划，希望通过引进多样化的活动，提升学生们的课后生活，提高他们对学校的满意度，开发他们的潜力，并帮助他们建立健全人格。然而，当计划中提到引入极限运动作为其中一项课后活动时，引发了许多关于安全和刺激之间的争论。,Tom，CedarOak中学的体育教师，热爱户外运动，对于极限运动有深厚的兴趣和丰富的实战经验,坚决支持引入极限运动这一活动，认为这将极大地刺激和提高学生们的体能，勇气，以及处理紧急情况的能力，同时也可以帮助学生们开拓视野，挑战自我。,Mary，CedarOak中学的学生家长，同时也是家长委员会的成员，她的孩子在校内学习。她非常关心学校的课后活动设计，特别关注活动的安全性,持反对意见，认为在学校里引入极限运动太过危险。尽管极限运动可以锻炼学生的魄力，但人身安全是首要考虑的。建议学校应该更多地考虑一些安全性较高的课后活动，如书法，画画，音乐，手工等。,师生,3,12
教育/培训/学校/校园,课后活动计划,传统,大同,在一些课后活动中，可能会出现传统与全球化观念的冲突,中学的教学楼在下午的课后总是充满了各种活动的声音。校方计划设立一些新的课后活动，目的是富有学生的业余生活，增加他们的全球化视野。然而校长和一位家长代表在此事上产生了分歧。,李浩，校长。他是一位有着丰富教育经验的教师，对于教育有着自己深厚的理解并坚决遵守传统,希望能够设置一些传统的课后活动，如书法、围棋等，认为这对于学生的助益更大，可以让他们深入了解和传承中华优秀传统文化。,王小丽，家长代表。她是一位在外资公司工作的职场人，有着广阔的国际视野，她希望他们的孩子能够接触到世界的多元文化，对世界有一个全面的认识和理解,觉得应该引入一些国际元素的课后活动，如英语戏剧、国际象棋等，认为这对于孩子们开阔视野，增加国际意识具有积极的影响。,校方和家长代表的关系，共同为学生的教育问题出谋划策。,3,13
教育/培训/学校/校园,教学方法决定,大同,权力,在教学方法决定的过程中，教师可能面临要选择是倾向于为所有学生的公平和福祉（大同）还是更关注维护自己的控制和统治（权力）,因为疫情的影响，一所小学正在考虑是否要推广线上教育。这个决策不仅仅关乎学校的未来，同时也影响到学生的学习环境和老师们的教学方式。虽然在线教育可以让所有学生都有机会学习，但也可能剥夺了老师们对学生的直接管控，让他们自由地选择学习内容。,李明，这所小学的一位资深教师，他之前在偏远地区工作过，经常见到因地域限制无法接受教育的学生。李明认为在线教育是打破地域限制的好方法。他坚信所有学生都应有平等的教育机会，而教育不仅仅是知识的传授，更重要的是引导学生自主思考，发展个人兴趣,支持推广在线教育，认为即使老师们无法全方位控制学生，也不能阻止教育平等的步伐，认为可以通过增加互动环节，让学生自发参与学习，找到个人趣味。,张华，这所小学的校长，他认为教育的重要一环就是规范和管控，老师们应该有权力决定学生应该学习什么，怎样学习。他担心在线教育可能导致学生难以管控，影响学生的规范性学习,反对推广线上教育，认为在面对面的教学环境中，老师可以更好地监督学生的学习，对学生的学习效果做出更准确的评估。建议只有在必要的时候，比如疫情之类的特殊情况下，才使用在线教育。,同事,3,14
教育/培训/学校/校园,教学方法决定,慈善,成就,教师可能在提高学生的福利（慈善）和追求个人职业成功（成就）之间产生冲突,在一所初中，来了一批在数学上存在学习障碍的学生，教育部门正在决定应该采取哪种教学方法来帮助这些学生提高成绩。决策的目的在于为这些学生提供最有效的教学支持，但如何在提供个体化教学帮助和满足国家统一教育标准之间找到平衡，成为了需要被解决的问题。,玛丽。玛丽是一名经验丰富的教学顾问，她对学生的需求深感同情，致力于创造一个有利于每个学生学习成长的环境,主张为每个学生提供个性化的教学支持，即使这可能会对教师增加更多工作量，也可能无法完全满足国家统一的教育标准要求。,约翰。约翰是一名校长，他希望学校能达到优秀的教学效果，使学校在地区内的排名上升，以此提升他的职业成功感,主张应该坚持国家统一的教育标准，通过大量统一的模考和训练来提高学生的成绩，即使这可能对一些存在学习障碍的学生来说可能会有所困扰。,同事,3,15
教育/培训/学校/校园,教学方法决定,传统,自我导向,在确定教学方法时，教师可能会在尊重和坚持传统教学法（传统）和尝试新的个人化的教学法（自我导向）之间产生冲突,某中学正在更新教学方法，以适应网络科技的发展和学生的个性化需求。教学方法的改变是为了让学生更好地理解和掌握知识，同时也把握学生的学习方式和进度。然而，这次的变动引起了学校中两位教师的分歧：一方坚持遵循传统的课堂讲解方式，另一方则主张采用新的、创新的在线互动学习方式。,张老师，一位有着二十多年教龄的资深教师，他严谨认真，吃苦耐劳，始终坚持用传统的教学方式进行教学。他认为这样才能保证教学质量，并且能让学生掌握真正的知识,坚决反对更新教学方法，认为传统的面对面授课方式是最有效的，它可以实时解决学生的疑惑，同时也可以保证教学的质量。,李老师，工作五年的年轻教师，她思维活跃，充满活力，善于利用网络工具进行教学。她认为在科技日新月异的今天，教学方式也应该随之更新，以适应学生的需求,支持更新教学方法，认为应该采用新的、创新的在线互动学习方式。通过网络教学，可以让学生自主掌握学习进度，同时，也可以利用网上丰富的学习资源，拓宽学生的知识面。,同事,3,16
教育/培训/学校/校园,教学方法决定,遵从,刺激,教师可能在遵从到学校规定的教学方法（遵从）与追求新的、刺激的教学方式（刺激）之间产生冲突,在星光学校，老师们正在讨论新学期的教学方法。学校方面希望能有所创新，提升学生的学习兴趣与技能，同时要在保证学生安全的前提下考虑。不过，这也引起了两种不同的观点与决策。,Mr.Smith，他是一名有着20年教龄的老师，对于学校的教学方法有深厚的理解和经验，他始终坚信稳定和传统的教学方式能带给学生最好的学习效果,坚持应按照学校的传统教学方式进行，认为这是最安全和最有效的方式，因为这种方式已经在过去的二十年里证明了其价值。,MissJohnson，她是一名年轻的老师，充满活力和创新精神，希望能给学生带来最新的学习体验，使他们在学习中感到快乐和刺激,提议尝试一些新的教学方法，如使用虚拟现实技术进行实景教学，或者组织一些刺激的实地考察等。,同事,3,17
教育/培训/学校/校园,教学方法决定,安全,享乐主义,教师在保持教学的稳定和规律（安全）与追求个人在教学中的快乐或满足（享乐主义）之间产生冲突,高中物理班级正在决定接下来的教学方法。该班级的物理成绩一直稳定，但是学生们普遍反映课程内容枯燥无趣，难以全面理解。教学发展筹备会议上，出现了争议，一部分教师认为应该依然坚持传统的教学方法，继续保持高考成绩的稳定；另一部分教师认为，应该引入新的教学方法，让学生在享受学习的乐趣的同时，提高对物理知识的理解和掌握。,张老师，教龄20年，是学校的老资格，严谨认真，一直秉持传统的教学方式进行教学,认为传统的教学方法虽然可能相对枯燥，但是成绩一直稳定，这对于学生们的高考是非常重要的，因此，决定坚持现有的教学方法。,李老师，教龄5年，对新事物充满好奇，喜爱探索新的教学方式,认为学习不仅仅是为了考试，更重要的是引导学生发现物理的乐趣，学会自我探索。因此，提议引入一些新的教学方式，比如实验教学、角色扮演教学等，让学生在课堂上有更多参与感和乐趣。,同事,3,18
教育/培训/学校/校园,学习资源分配,成就,大同,在学习资源分配的场景中，一方面，学校可能会倾向于将更多的资源投入到表现优秀的学生身上，提高他们的成就，如为他们提供更多的学习机会、更好的设施等，这体现了对“成就”价值观的追求,学校最近收到了一笔捐赠，此时，校长（角色R1）和教师代表（角色R2）需要一起决定如何分配这部分资金。校长认为应该为优秀的学生提供更多支持，以鼓励他们的表现并提高学校的整体成就；而教师代表则认为应该公平地分配这部分捐赠，提供给所有学生机会，让每一个学生都能从中受益，以此实现社会的公平和大同。,李校长，一个有着多年教育经验的校长，他一直强调追求卓越的教育成果。他认为，学校的目的是培养出能够担当社会精英的学生，这样才能提高学校的声誉和影响力,决定将捐赠资金主要用于奖学金，赞助那些表现出色的学生参加各类学术活动，以提高学校的成就感和竞争力。,张老师，是教师代表，她拥有一颗赤子之心，坚信每个学生都有他的天赋和优点，需要得到平等的关注和发展机会,认为应该将资金用于改善学校设施或购买教学器材，让所有学生都能得到更好的教育环境和资源，从而实现公平。,同事,3,19
教育/培训/学校/校园,学习资源分配,安全,刺激,在教育环境中，教育工作者为了保证学生的“安全”，可能倾向于采用传统、经过实践验证过的教育模式和方法,某高级中学的学校管理层需要决定，是继续沿用传统的教育模式，配备纸质教材和传统课后辅导教材为主导，还是应引入现代化的数字教材，投资更新设施，如电脑和智能白板，并且引入最新的在线教学平台。决策的背景是学校教育资源有限，不能同时满足两种模式，需要选择其一。决策的目的是为了给学生提供最优质的学习资源。决策带来的分歧在于，一方面，传统模式已经得到过时间的检验，安全可靠；另一方面，现代化的学习方式更具有刺激性，能激发学生的学习兴趣。,玛丽，是这所高级中学的校长。她是一个非常注重传统，认为安全和稳定是教育最重要的元素的人,决定学校应坚持使用传统的教育模式，配备纸质教材和传统课后辅导教材，因为这种模式已经经过历史的测试，被大多数人接受和认可。,约翰，是这所高级中学的副校长，也是一个积极推动教育改革的人。他认为，现代化的教育模式能够更好地激发学生的学习兴趣，提高学生的学习效率,决定学校应当引入数字教材，投资更新设施，如电脑和智能白板，并引入最新的在线教学平台，以此来提高学生的学习效率，激发学生的学习兴趣。,同事,3,20
教育/培训/学校/校园,学习资源分配,权力,慈善,在学校环境中，校方可能需要行使他们的“权力”来决定学习资源的分配,在一所高级中学里，一批新的学习设备，包括计算机、书籍和实验设备，需要被分配到各个科目。这些资源的分配将直接影响到学生的学习质量和教师的教学效果。由于资源有限，决策如何分配成了一项重要任务。决策的目的是为了让每一个科目能够得到公平的分配，但分配的意见却产生了分歧。实用主义者认为应该优先分配给那些能直接影响学生未来职业发展的科目，例如数学和科学。而人文主义者则认为这些资源应该均匀分配，以便所有的科目和学生都能受益。,Mr.Black，他是一位有经验的学校行政管理人员。他是个实用主义者，认为应优先考虑学生的未来发展，因此倾向于将资源分配给那些直接关系到学生未来发展的科目，如数学和科学,决定优先将资源分配给数学科和科学科，而其他科目如艺术和社会科学会得到较少的分配。,Mrs.Green，她是一位教育专家和儿童心理学家。她关心所有科目对学生全面发展的重要性，认为学校应该提供一个全面、均衡的教育环境,主张将资源等量分配给所有科目，无论那个科目是否直接关系到学生的职业发展，相信每一门科目都能为学生的发展做出独特的贡献。,同事,3,21
教育/培训/学校/校园,学习资源分配,自我导向,遵从,在学习过程中，学生们可能会追求“自我导向”，希望能够按照自己的兴趣和方式来学习,小学六年级即将升入初中，学校决定将一批新的学习资源，包括图书、电子资源等进行分配。分配的目的是为了提高学生们的学习效果和引导他们对未来的学习有一个清晰的规划。然而，决策过程中出现了两种截然不同的观点，一部分人认为应该按照学生的个人兴趣和特长来分配，另一部分人则认为应该按照课程需求和教育标准来分配。,张浩，张浩是一名10岁的六年级学生，自我导向的思考方式十分明显，他有着自己的学习兴趣和方法，乐于探索新知识，希望能够自主决定自己的学习方式,希望学校在分配学习资源时，能够考虑到每个学生的兴趣和特长，比如自己对于历史和文学的喜爱，所以希望能够得到更多的相关书籍和电子资源。,王老师，王老师是一名教育经验丰富的老师，注重教学规范和要求，认为应该先满足课程需求，再考虑学生的个人兴趣,认为学校在分配资源时应该优先满足课程需求，使所有学生都能达到教育标准，再根据剩余的资源考虑学生的个人兴趣。,师生,3,22
教育/培训/学校/校园,校园设施改善,大同,成就,在决定如何改善校园设施时，可能会遇到要提倡全体福利（大同）还是强调个别学生的优秀表现（成就）的冲突,学校有一笔预算用于改善校园设施，这笔预算可以用于建造一个新的学生活动中心，也可以用于奖励优秀学生，为他们提供更优质的学习资源，如设备升级、单独的学习空间等。这个决策引起了两位校长的分歧。,Sarah，她是现任校长，对整体学生的福利有较深的关注,决定使用这笔预算建立一个新的学生活动中心，为所有的学生提供一个可以进行社交、学习和放松的地方。,John，他是前任校长，当前为教育顾问，对提高学校的整体声望和影响力有较高的追求,主张应该用这笔资金奖励优秀的学生，为他们提供更优质的学习资源，以此提高学校的名声和吸引更多的优秀学生。,Sarah是John的继任者，互相尊重并且经常在教育问题上进行讨论。,3,23
教育/培训/学校/校园,校园设施改善,慈善,自我导向,当校园设施需要改善时，可能会出现要将资金用于帮助那些需要帮助的学生（慈善）还是允许学生自由选择解决问题的方法（自我导向）的冲突,高中校园设施老化，导致一些设施无法正常使用，影响了学生的正常学习和生活。学校决定使用今年的校友捐赠资金进行设施改善。然而，在决策具体如何使用这笔资金时，出现了分歧。学校的目标是改善校园设施，提供良好的学习环境，但对于资金的具体使用方向和方式，学校领导和学生代表产生了争议。,马丽，学校的校长。马丽认为学校是学生的第二个家，学生的福利和学习环境应该是学校工作的首要任务,决定将全部资金用于改善最紧急的设施问题，比如修复损坏的教室，升级老旧的电脑设备，以便改善学生的学习环境，保障学生的权益。,张伟，学生会的主席。张伟是一位积极进取，富有创新精神的学生，他凭借自我导向的价值观成为了学生会的主席,提议将部分资金用于设施改善，剩余的资金则用来推动学生自己参与到设施改善的具体行动中，比如开展公益活动，鼓励学生提出并实施他们自己的改善方案。,张伟是马丽的学生，同时也是学校的学生代表。,3,24
教育/培训/学校/校园,校园设施改善,权力,遵从,在决定改善哪些设施时，可能会出现是否应该由权力较大的团体和个人来决定（权力），还是遵循大众的期望和需求（遵从）的冲突,学校即将进行大规模的校园设施改善工作，预算充足，所有的设施都有可能进行升级或者改变。但是，在决定何种设施需要改进或升级的问题上，各方意见不一。尤其在体育设施和图书馆设施改善的优先级上，师生之间产生了较大分歧。,校长John，他是一位富有经验和智慧的领导者，对于学校的发展和未来有着长远的规划。他有很强的控制欲和权力意识，更倾向于按照自己的想法和计划来进行决策,认为学校的体育设施应当优先升级和改善。认为强健的体魄是人生的基础，只有身体强壮的学生才能更好的学习和生活。同时，这也能提升学校的声誉和地位，吸引更多优秀的学生。,图书馆馆长Emily，她是一位热爱知识、尊重规则和建设性的人，她致力于为学生提供良好的学术环境。她总是倾听学生的需求，并通过图书馆来满足学生的知识需求,认为图书馆设施的改善和升级应当被优先考虑。认为知识是学生未来发展的基础，只有充满知识的学生才能更好的面对生活的挑战。同时，这也体现了学校对知识的尊重和追求，符合学校的教育宗旨。,同事,3,25
教育/培训/学校/校园,校园设施改善,刺激,安全,在改善校园设施时，可能会出现是否应提供更刺激、新奇的设施（刺激），还是更重视设施的安全性和稳定性（安全）的冲突,近期，本校决定对运动场地进行重大的设施改善。改善的目的是为了满足学生们更多元化的运动需求，同时也提升校园的运动设施。由于提出了两种截然不同的改善方案：一是建设一个有许多新奇、挑战性运动项目的主题运动公园，如攀岩、溜冰等；二是对现有的运动设施（如篮球场、跑道等）进行升级改善，保证设施的安全性、稳定性，这使得决策出现了分歧。,黄益民，体育教师，年轻有活力，喜欢尝试新鲜事物，具有冒险精神,认为应该选择建设新奇、挑战性的主题运动公园，这将使校园更加生动有趣，同时也能提高学生的参与度，满足学生们追求刺激的心理需求。,李瑛，家长代表，注重实用性和安全性，认为基础设施的稳定性和安全性是重中之重,更倾向于对现有的运动设施进行升级改善，认为安全是最重要的，而且，升级改善不仅能确保孩子们的安全，也能满足他们日常的运动需求。,教师和学生家长,3,26
教育/培训/学校/校园,校园设施改善,享乐主义,传统,在提供改善校园设施的方法时，可能会出现是否应引入更多能提供个人快乐的设施（享乐主义），还是坚持原有的传统和惯例（传统）,由于近年来吸引更多新生入学，大学打算对校园设施进行改善。这个决策的目的是适应现代学生的需求，同时提高学校的吸引力。然而，在决策的过程中，关于何种改善方式更合适的问题产生了分歧。,Tom，Tom是校园设施改善项目的负责人，他是一个富有创新精神和活力的年轻人，致力于创造一个令学生开心、充满乐趣的校园环境,建议在校园中增加更多娱乐设施，比如电影院、健身房，甚至一个游泳池。认为这些设施将使学生们的课余生活更加丰富多彩，满足他们的个人需求，让他们在校园生活中感到快乐、满足。,Jane，Jane是校园设施改善项目的顾问，是一位有着丰富教育经验的长者。她尊重学校的历史和传统，强调以教育为导向的校园设施,认为应该更加注重教育设施的改善，比如图书馆的扩建，科学实验室的升级改造，或者增加更多的教室和会议室等。认为这样才能提高教育环境，使学生能专心学习，提升他们的学术水平。,同事,3,27
教育/培训/学校/校园,学术活动组织,权力,大同,在学术活动组织中，如果一个有高社会地位的人想要让自己的观点被大家接受，那么可能会倾向于使用他的影响力来推动自己的观点，这就涉及到了权力的价值观,在某大学里，这学期结束时，学校决定组织一场关于人工智能的学术研讨会，目的是激发学生对该领域的兴趣，并促进他们在科研方面的发展。然而，在决定主讲嘉宾的问题上，分歧出现了。,王教授，这所大学的教务长，是一位有着极高社会地位和影响力的人，他提倡以成就论英雄，他希望引入业内有影响力的嘉宾，认为这样能提升学校在该领域的声望和影响力,决定邀请业内有影响力和知名度的专家作为主讲嘉宾，认为这将可以提高学校的知名度，并且引导学生们向专家看齐，提高自身的竞争力。,李博士，这所大学的一位年轻教师，非常关注学生的全面发展，他认为嘉宾的选择应以学生的需求为主，而非以提升学校影响力为主。他坚持认为，学术活动的目的是为学生提供学习和交流的平台，而不是提升学校的名气,坚持邀请一些专业水平较高，但并非特别知名，却非常擅长和学生交流，能够深入浅出地讲解问题的专家作为主讲嘉宾。希望这些讲课方式接地气的专家能够更好地对学生进行科研导向，让学生能从中受益。,学校的教务长和一名普通教师。,3,28
教育/培训/学校/校园,学术活动组织,成就,慈善,在学术活动中，有些人可能过于关注自己的成就和成功，以至于忽视了对他人的关爱和帮助，这就产生了成就与慈善之间的冲突,一所大学的学术活动组织正在决策举办一个国际学术研讨会的事宜。这是一次能提高学校学术影响力、提升学校声望的机会，但同时需要大量的资金投入，可能会影响到学校其他方面的资金支出，如资助贫困学生、改善教学设施等。决策的目的在于平衡学校声望提升和资金合理使用的问题，当前带来的分歧主要是应该全力以赴举办这次研讨会，以提升学校影响力，还是顾虑资金问题，考虑校内需求，减小研讨会规模或不举办。,约翰，这所大学的校长，他对于提升学校的学术地位有着极高的追求和期望,决定全力举办这次国际学术研讨会，希望借此机会提升学校的学术地位和社会影响力，虽然这将消耗大量的资金。,玛丽，这所大学的财务主管，她一直致力于学校和学生福利的改善，尤其关心贫困学生的学习环境和生活条件,提出应将资金用于改善学校设施和增加对贫困学生的资助，虽然国际研讨会能提升学校声望，但认为理应更多关注并改善学生的学习和生活环境。,同事,3,29
教育/培训/学校/校园,学术活动组织,刺激,安全,在组织学术活动时，有些人可能追求新奇和挑战，希望尝试一些冒险的项目，这代表了刺激的价值观,学校即将举行年度学术盛典，此次盛典是为了鼓励学生们积极参与学术活动，并展示他们在学术研究中的成果。然而，在开展活动的形式上，学校的两位教授产生了分歧。一方希望能够引入一些刺激性强的新元素，如在线虚拟现实科技演示，以提升活动的吸引力和互动性，另一方认为应该保持传统，注重学术的严肃，确保活动的安全无虞。,史蒂夫，大学计算机科学教授。他对新科技充满好奇，喜欢挑战和创新,决定引入虚拟现实技术作为演示工具，以增加这次盛典的新鲜感和吸引力。,埃琳，大学生物科学教授。她更加传统，强调稳定和安全，认为学术活动应该严谨,坚持应该举办传统的学术交流环节，侧重于学生的研究内容本身，减少可能引起混乱或安全问题的新元素。,同事,3,30
教育/培训/学校/校园,学术活动组织,自我导向,遵从,在学术活动组织中，自我导向的人倾向于按照自己的想法行事，选择自己认为正确的道路,新学期开始，学校决定组织一次重要的学术研讨会，目的是提高学生的学术研究水平，鼓励多元化的学术观点交流。然而，关于研讨会的主题及邀请的嘉宾，以及问题的提出方式等，有不同的观点和看法。,张力，学校里的一位备受尊敬的资深教授，他在学术圈有着丰富的资源，而且一直鼓励并实践创新性的教学和研究方法,希望引入一些新颖的、有争议的学术主题，并邀请一些具有开创性的研究者作为研讨会的嘉宾，鼓励学生自由提问，为学术研讨会注入新的活力和创新思维。,李华，学校的一个年轻的新教师，一直接受传统的教育方式，他尊重研究规则和传统的学术模式，强调学科技术和规范的学术研究要求,认为研讨会应该遵循学术研究规则，选择一些公认的传统主题，并邀请一些知名的、权威的学者作为嘉宾，希望学生在提问时遵从学术规范，进行有深度的探讨。,同事,3,31
教育/培训/学校/校园,学术活动组织,享乐主义,传统,在学术活动中，以享乐为主的人可能更喜欢轻松愉快的氛围，而这可能与尊重和接受学术活动的传统规矩的价值观产生冲突,在某知名大学，学术部门决定组织一次学术年会，旨在邀请学界知名人士进行学术交流，提升学校学术地位和影响力。然而，在组织活动的形式和环境上，成员们发生了分歧。,James，一个充满活力，爱好活动组织的大二生，是学术部门的核心成员之一。他喜欢尝试新鲜事物，活跃在各种活动策划中。他善于调动大家的积极性，希望创造出轻松愉快的氛围,提出除了严肃的学术讲座，还应该加入一些轻松的娱乐环节，比如音乐演出或者互动游戏，让参与者在享受快乐的同时，也能更好地交流和学习。,Susan，一个严谨认真的大四生，是学术部门的负责人。她重视传统的学术活动形式，认为学术年会应该保持其严肃、正式的风格，以彰显学术的严肃性和权威性,坚决反对在学术年会中加入娱乐环节，认为这样会降低活动的学术性，影响学校的形象。主张坚持传统的学术讲座形式，并由知名学者进行主题演讲。,同事,3,32
教育/培训/学校/校园,学校安全策略,安全,自我导向,在学校安全策略的决策过程中，安全是首要考虑的，包含了保护学生免受伤害，维护学习环境的稳定和和谐,在小城的一所中学里，最近发生了多起学生在校园内骑自行车发生摔伤的事件，这引起了学校管理层的关注。为了学生的安全，学校决定禁止学生在校园内骑自行车。这一决策引起了一些学生和家长的反对，他们认为应该让学生自己去判断和掌握自己的安全，学校的决定限制了学生的自由。,玛丽，一名有着丰富教育经验的校园安全主任。她经常关注学生们的安全状况，对此有着独特的见解,支持学校的决策，认为学生的安全远比自我导向更加重要。预防摔伤事件的发生，是她的责任和职责。,约翰，一名在校园里经常骑自行车的四年级学生。他热衷于自我探索，并且相信自己有能力控制自己的行为和安全,反对学校的决定，认为应该由学生自己去判断和掌握自己的行为。认为学校的决定过于保守，过度保护将阻止学生学习自我掌控和独立。,师生,3,33
教育/培训/学校/校园,学校安全策略,安全,刺激,在打造安全的学校环境的同时，也需要确保学生能够有足够的机会去尝试新的事物，去寻找生活的刺激,在SunshineHighSchool，最近发生了几起小型的、但令人担忧的事故，一些学生在课外活动中受伤。校长和PTA面临着如何提升校园安全的决策。校长主张减少课外活动，尤其是那些对学生构成潜在风险的活动如攀岩俱乐部和滑雪旅行。而PTA主席则坚持认为应该允许学生有更多的机会去寻找生活的刺激，应该教导学生如何在参与活动时更加注意安全，而不是完全禁止这些活动。,校长Mr.Smith，他是一位有着丰富经验的管理员，始终把学生的安全放在第一位,决定取消所有可能会带来安全风险的课外活动，并要求加强对学生日常活动的监管，以确保他们的安全。,PTA主席Mrs.Johnson，她是一位对学生充满热情的母亲，一直主张校园生活应该富有挑战性和刺激性，对孩子来说，这也是成长的一部分,提议学校应该提供更多的安全教育，而不是剥夺学生参与这些活动的机会。也愿意参与组织一些安全讲座，并推动学生参与到自我保护的学习中来。,他们是SunshineHighSchool的决策者，一个作为校长，对学校的运行负有责任；另一个作为PTA主席，代表着学生家长的声音。,3,34
教育/培训/学校/校园,学校安全策略,权力,慈善,学校管理者在制定和执行安全策略时，可能需要充分行使权力，即对学生和教师的行为进行必要的管理和控制,在市中心的一所学校，最近因为发生了一系列的盗窃事件，让学生和老师们都感到不安。为此，校长决定制定一套严格的学校安全策略，包括安装摄像头、定期检查学生的个人物品等。而这个决策却引起了学校内部的一些分歧。,John，校长。他一直以来都以维护学校的秩序和安全为己任,决定按照自己的安全策略去执行，认为只有这样才能保证学校的和谐与安全，更好地对学生和教师的行为进行管理和控制，防止不良行为的发生。,Mary，一名教师。她一直关注着学生的成长和福利，希望学生在友好和温馨的环境中学习,觉得John的决策对学生的个人隐私造成了威胁，认为应该通过教育和引导学生自我约束，遵守学校的规章制度，而不是通过强制的手段去执行。,John和Mary都是这所学校的工作人员，他们都对学校的安全和学生的教育负有责任，但是他们的价值观和处理问题的方式不同，所以在这个决策中产生了分歧。,3,35
教育/培训/学校/校园,学生纪律规章制定,自我导向,遵从,在制定学生纪律规章时，可能出现自我导向和遵从的冲突,早安高中正在制定新的学生纪律规章。学校领导想要通过这次规章制定，加强对学生的管理，提升学生的行为规范，确保学校的教育教学能更加有序进行。然而，在制定规章的过程中，却出现了分歧。一部分人认为应该更加尊重每个学生的独立思考和选择，另一部分人则认为应该更加强调让学生遵守规定。,John，是早安高中的学生会主席，他是一个独立思考的人，善于创新和尝试新鲜事物,认为应该在制定规章的过程中给予学生更多的自由，尊重他们的个性和独立思考。规章应该是引导性的而不是强制性的，帮助学生培养良好的自治能力。,Mrs.Smith，是早安高中的校长，她对教育有深入的理解和丰富的经验，一直坚信规则和秩序的重要性,坚持认为，严格的规章制度是维持学校秩序和教育的基础。认为所有的学生都应该遵守规定，这样才能培养他们的纪律性和责任感。,John是Mrs.Smith的学生，同时也是学生会主席，他经常需要和Mrs.Smith一起参与一些学校的决策过程。,3,36
教育/培训/学校/校园,学生纪律规章制定,享乐主义,成就,学生可能会更倾向于享受生活和学习过程中带来的快乐，这就体现了享乐主义的价值观,学校面临着制定新的学生纪律规章的需求。制定新的规章的背景是为了提高教学质量，让学生能更好地专注于学习。同时，新规章也要考虑到学生的生活习惯和兴趣爱好。但是，这也带来了分歧：是否应该严格限制学生的课余时间以便让他们专注于学习，还是宽松一些给学生更多放松的时间。,Alex，Alex是学生会的会长，也是学校足球队的队长，他是一个活泼热爱生活的人，善于体验生活，喜爱自由,认为学校应该给学生更多的自由和娱乐时间，认为这样可以帮助学生释放压力，并提高他们的生活质量，以此来建议新的纪律规章需要考虑到学生的课余娱乐时间。,Linda，Linda是学校最年轻的教师，她严谨认真，致力于提高教学质量，是一个典型的务实主义者,认为学校应该制定更严格的学习规章制度，限制学生的课余时间，让他们能专注于学习。认为这是提高学生能力，实现成就的最有效的方法，以此来建议新的纪律规章需要更严格的学习时间。,他们同为学校的一份子，一个是学生会长，一个是教师，他们都希望以自己的方式改进学校，但他们对于如何做到这一点有着根本的分歧。,3,37
教育/培训/学校/校园,学生纪律规章制定,权力,慈善,在学校环境中，学生可能有机会获得一些权力，比如成为学生会的会长或其他领导职务,某高中学生纪律规章需要重新修订。旧的规章已经根据新的省级教育政策不再适用。新的规章需要满足各方面需求，包括学校的声誉，教师的需求，以及学生的福利。然而，校长和学生会会长在规章的具体内容上产生了分歧。,校长汤姆，他是一个非常严谨的人，有着一种权威的威严。他相信，为了学校的声誉和维持严格的纪律，规章应该做出严格的规定,新的纪律规章应该包括更严格的考勤制度，以及对学生违规行为的更严格的惩罚。,学生会会长玛丽，她来自一个充满爱心的家庭，对于帮助和关怀他人非常热衷。她认为，虽然规章是必要的，但是应当考虑到学生的情况和需求，尤其是生活在贫困家庭的学生,建议规章应该包括更多关于学生权利的规定，以及对于处于贫困状况的学生给予更多的理解和宽容。,校长汤姆是学生会会长玛丽的老师和顾问。,3,38
教育/培训/学校/校园,学生纪律规章制定,安全,刺激,校园纪律规章的制定，一方面需要确保学生的安全，例如禁止危险的行为，鼓励遵守规则，这体现了安全的价值,为了提高学生的纪律性并且保证校园的和谐与稳定，学校决定制定一套新的学生纪律规章。规章的内容包括日常行为规范，上课纪律，以及课外活动的安全规范等。然而，在规章中是否应该包含冒险活动的禁止，如攀岩、滑板等，成为了决策的分歧。,校长玛丽，作为教育者，她非常注重每个学生的安全，希望每个学生都能在安全的环境下学习和成长,考虑到学生的安全，决定在规章中明确禁止学生参与包括攀岩、滑板等在内的冒险活动。,体育老师约瑟夫，他认为学生应该有面对挑战和克服困难的机会，这对他们的成长非常重要。他认为通过适当的冒险活动能提升学生的能力,建议学校应该允许学生在有保护措施和老师监督的情况下参与冒险活动，以满足他们的求知和冒险欲望。,同事,3,39
教育/培训/学校/校园,校园餐饮选择,成就,享乐主义,学生可能面临是否牺牲快乐的时光去学习以取得更好的成绩的决定,在一个富有挑战性的大学环境中，新的校园餐饮合同被提案，其中包含了一个决定：是否增加开放时间，提供更多的餐点选择，以满足学生们不同时间、不同口味的需求。然而，这也可能让学生们花费更多的时间在享受美食中，而不是专注于学业。,莉莉，她是学生会的主席，一直以来都是以优秀的学习成绩和清晰的目标闻名。她倾向于优质的学习环境，并且始终保持高度的责任感,认为增加开放时间并提供更多的餐点选择会让学生过度沉迷于餐厅，倾向于保持现状，使学生更加专注于学业，以便取得更好的学业成就。,杰克，他是学校的人气名人，以其轻松的生活态度和对生活热爱而广受欢迎。他认为生活应该是丰富多彩的，并且总是寻找各种新鲜事物和美食,非常支持增加开放时间和提供更多的餐点选择，认为这将为学生带来更多的乐趣，丰富他们的校园生活，让他们在学习之外也能享受到快乐。,莉莉和杰克是同样是学生会成员，且在校园餐饮合同上有着明显的价值观冲突。,3,40
教育/培训/学校/校园,校园餐饮选择,安全,刺激,在校园餐饮选择中，学生可能会对尝试新的或异国的食物感到兴奋，但他们也可能对这些不熟悉的食物的安全性和质量感到担忧,大学即将开设新的食堂，食堂将在下个月内引进很多国际美食以吸引更多的学生。但是大家对此持不同的观点，对于食堂的食品来源和卫生条件有所担忧，同时也对新的食物风味感到期待。,艾米，她是学生会的健康和安全委员，对于食品的安全和卫生方面有非常深入的了解,主张应该在引进新的美食前，严格检查食品来源，确保新食堂的卫生和食品的质量，同时也提出在采购中尽可能选择有机和本地产的食品。,詹姆士，他是一位美食俱乐部的成员，对于各种新奇异国美食总能抱有极高的热情，他期待食堂能提供多样化的食品选择,倾向于引进尽可能多的异国美食，认为这能丰富大家的饮食和文化体验，同时也能让校园生活变得更加有趣。,艾米和詹姆士都是学生组织的活跃成员，他们经常需要在学校各类事件中合作，互相之间有着良好的工作关系和友情。,3,41
教育/培训/学校/校园,校园餐饮选择,传统,自我导向,一些学生可能更愿意遵循他们家庭的饮食习惯和传统，而另一些学生可能更愿意探索和尝试自己的饮食选择,在小明所在的大学，学校的餐厅正在决定新一学期的菜品选择。为了照顾到各国各地的学生，餐厅决定提供更多元化的饮食，并且计划投票决定是否在每周添加一次国际菜品日。虽然这将满足很多人寻求新鲜和多元食物的需求，但也会打破过去一直遵循的中国传统菜品。,李华，一个来自中国西部的大学生，他很尊重家庭和文化传统，相信吃饭是一个熟悉和安慰的过程，需要尊重历史和传统，不希望在食物上有太多的突兀改变,决定投票反对每周的国际菜品日，觉得餐厅应该坚持提供传统的中国菜，因为那才是他们文化的一部分，也是他们舒适和熟悉的。,小明，一个对新事物充满好奇心的大学生，他喜欢在日常生活中探索新事物，尤其是不同的饮食文化，他认为这是增长见识的好方法,决定投票支持每周的国际菜品日，期待在餐厅品尝各种各样的美食，并乐于尝试不同的风味。,室友,3,42
教育/培训/学校/校园,校园餐饮选择,权力,慈善,在一些情况下，学生可能需要决定是否使用他们的地位或影响力来改变餐点选择，以利于他人（如推动健康或环保的饮食选择），这可能会与他们自己对于食物的欲望和喜好产生冲突,最近，高校A的校园食堂的饮食空间由于疫情影响，有了一些变化。学校准备重新选择食堂的食品供应商，并将选择权交给了学生会。学生会的成员们需要考虑的关键因素包括食品种类、价格、口味、营养以及环保等。然而，如何平衡这些因素并做出最佳的选择，却引发了一场关于"是否应该倾向于提供更健康、环保的饮食选择，甚至牺牲一些口感和价格方面的考量"的争议。,杰森，学生会主席，他是一个自信且主导力强的人，他在学生会的影响力很大，有着一定的权力。他喜欢积极主导并决策事物,更关注的是在选择食品供应商中保持自己的权威和领导地位，倾向于选择那些能够满足大多数学生口味和价格要求，也即是习惯的普通食品供应商，即使他们可能并不注重食品的营养和环保。,艾米，学生会的负责健康和环保事务的部长，她深受学生们的喜欢和尊重，她非常关注他人的福利和健康生活,强烈推荐选择那些提供健康食品，注重环保的供应商，即使这可能会提高食品的价格，甚至可能口味上得不到大部分学生的喜爱。,杰森和艾米在学生会都有较高的地位，有密切的工作交往，平时关系友好。他们在这个问题上的分歧，可能会对他们的关系产生影响。,3,43
教育/培训/学校/校园,校园餐饮选择,遵从,享乐主义,学生可能会面临是否遵守健康饮食的规定和建议，或者满足自己对于美味但可能不健康食物的渴望的选择，这种选择可能会导致遵从与享乐主义之间的冲突,在林肯大学的校园内，餐厅最近提出了一个新的餐饮选择方案――引入一些新的美食品牌和小吃供学生选择，同时在这些美食中，餐厅也尽可能保留了一些健康饮食的选择。此举引起了学生们的热烈讨论，一部分学生认为这是一个好的变化，因为这意味着他们可以尝试到更多的美味食物；另一部分学生则担心这些美味的食物可能不利于他们的健康，因此他们更倾向于坚持原有的健康饮食选择。,杰西卡，她是大二的学生，有着讲究健康饮食的习惯，并且是学生会的成员之一。她很尊重学校的规定和建议，为了保持健康，她总是在餐厅选择蔬菜和水果等健康食品,决定在学生会里提出自己的观点，反对在餐厅引入过多的美味小吃，认为这对于鼓励学生维持健康饮食的学校政策是不利的。,克里斯蒂安，他是杰西卡的同学，同时也是他们班级的食物委员。他非常喜欢尝试新的美食，对于校园餐厅的新改变他感到很兴奋,决定积极支持餐厅的新方案，认为这样可以让校园生活变得更加丰富多彩，并且自己准备尝试所有新引入的美食，以给其他同学提供美食推荐。,朋友,3,44
教育/培训/学校/校园,学科专业引入,大同,权力,在教育/培训/学校/校园中引入新的学科专业时，大同的价值观可能强调所有学生平等接受教育的机会，而权力的价值观可能会导致教育资源向少数优质学科倾斜，使所有人的福利不再平等,雅典娜大学是一所全球知名的综合性大学，近年来，由于人工智能领域的快速发展，该大学决定引入人工智能这一新的学科专业。此决策主要是为了能培养更多适应社会发展的人才，与此同时，能提升学校在学术界的影响力。但是，这个决策引起了学校内部的分歧，主要集中在是否应该在引入新的专业时更注重所有学生的公平接受教育机会，或者是更倾向于将教育资源集中于新的优质学科。,GeorgeSmith，他是雅典娜大学的社科学院的一名教授，是学院的资深成员，他一直强调公平教育的重要性，认为每一位学生都应该有平等接受教育的机会,主张在引入人工智能专业的同时，也要保障其他学科的教育资源，不应过度偏重新的专业，要保持教育的平等性和全面性。,AliceJohnson，她是雅典娜大学的校长，是一位有远见和魄力的领导，她重视学校的社会影响力和声望，对学校的发展有着独到的见解,主张倾向于将更多的教育资源投入到人工智能这一前沿科技领域，以便培养出更多的专业人才，并以此提升学校的社会声望和影响力。,他们都是雅典娜大学的重要决策者，共同讨论和决定学校的发展方向。,3,45
教育/培训/学校/校园,学科专业引入,慈善,成就,慈善价值观可能会强调帮助学习困难的学生，而成就价值观可能会鼓励个人的学术成功和竞争，这两者之间可能会产生冲突,在一个知名的高中，为了满足社会的需求，学校决策团队决定引入一个新的学科专业――人工智能。这个决策的目的是让学生了解并掌握这个新兴技术，为他们未来的职业生涯打开更多可能。然而，这个决策的实施带来了分歧：一方面，希望所有学生都有公平的机会学习这个新专业；另一方面，也希望能够找到有潜力的学生，通过竞争提升他们的专业技能。,叫做马丽的教师，负责人工智能课程的设计和教学。马丽认为教育的目的是帮助每一个孩子实现他们的潜能，因此她尊重每一个孩子的学习节奏，并尽其所能为他们提供帮助。马丽的价值观是慈善。,决定让所有学生都参与这个新的学科专业，而不仅仅是那些表现出色的学生。她认为这样可以让更多的学生接触到这个新技术，并帮助他们找到自己的兴趣所在。,叫做王立的校长，他一直致力于推动学校的学术成绩提升，希望通过教育培养出优秀的，有竞争力的学生。因此，他的价值观是成就。,拥护引入人工智能专业，但是提出只有在相关测试中获得高分的学生才有资格参与这个新专业的学习。认为这样可以让有潜力的学生充分发挥他们的优势，并对他们形成积极的激励。,马丽和王立都是高中的决策者，他们共同为学校的教育方针和课程设置做出决策。尽管他们各自的立场不同，但他们都希望找到对学生最有利的教育方法。,3,46
教育/培训/学校/校园,学科专业引入,传统,自我导向,新的学科专业可能需要学生自我探索、创新，这与传统的教学模式和价值观可能会产生冲突,华氏大学是一所传统的学府，一直以其严谨的教学和科研成果享誉学界。然而，随着科技的飞速发展，新的学科专业如数据科学、人工智能等涌现出来。因此，华氏大学的教务委员会对是否引入这些新学科专业进行了深入讨论，此决策的主要目的在于更新教学内容，提高教学质量，但它也带来了一些分歧。,李敬，华氏大学长期任教的老教授，他一直尊重和捍卫着学术的传统，他认为教育的核心是传统的学术思维和理论体系,认为新的学科可能会破坏大学的传统教学模式，因此发表强烈反对引入新学科的决策，坚持传统学科教学模式。,张晖，华氏大学的年轻教师，他是一位活跃的科研工作者，深知科技发展的潜力。他提倡创新，勇于挑战新事物,认为引入新的学科专业是大学发展的必然趋势，支持这一决策，并提出自己能够负责策划并推进新学科的教学安排。,他们在华氏大学的教务委员会中都是重要的决策者，虽然在教育理念上有所冲突，但都是为了学校的利益在努力。,3,47
教育/培训/学校/校园,学科专业引入,遵从,自我导向,在学业上的要求可能要求学生严格自律和遵从规则，而享乐主义的价值观可能导致学生追求个人快乐，忽视学业，两者之间可能产生冲突,一所知名大学计划引入电子竞技专业，这是一种全新的尝试，目的是方便学生把兴趣和专业结合，同时也为电竞行业的发展贡献人才。但是这个决策在校内引起了分歧，主要的问题在于是否应该把电子竞技设置为专业学科。,张教授，是大学的董事会成员，他严谨认真，对教育有深入的理解，同时对新事物持谨慎的态度,认为引入电子竞技专业并非是优先事项。主张坚持教育的传统目标，强调理论知识和实际能力的结合，希望学生能专注于更有深度和广度的学习，不希望学生将时间和精力过多的投入在电竞这样的娱乐活动上。,李同学，是大学的一名学生，他热爱电子竞技，并且在这方面有一定的成就。他期待通过学习和锻炼，能够将自己的兴趣转变为职业,非常支持大学引入电子竞技专业。认为电子竞技不仅是一种娱乐，还是一种体验快乐、积累经验和锻炼技能的方式。引入电子竞技专业，可以让喜欢这方面的同学有更多机会深入学习，实现个人价值。,张教授是李同学的导师。,3,48
教育/培训/学校/校园,学科专业引入,安全,刺激,在引入新的学科专业时，安全的价值观可能会强调维持现状以保持稳定，而刺激的价值观可能会追求新奇和挑战，两者之间可能产生冲突,Creston大学的教务长正在考虑是否引入一门新的学科专业――人工智能。教务长相信这一科目引人进来，可以为学校吸引更多的学生而且可以使学校在先进科技教育领域更具竞争力。然而，这个决策也引起了一些分歧。一方面，有人担心引入新的学科专业可能会对现有课程产生干扰，影响学校的稳定。另一方面，有人认为创新和变化是进步的必要部分，应该积极采纳新的学科专业。,教授Jane，她是Creston大学的多年教师，以教学严谨、重视学科传统而著称。她认为大学的首要任务是稳定地提供高质量的教育,反对引入新的学科专业。认为这可能会改变学校的课程设置，影响学生的学习节奏，甚至可能会削弱对其他专业的投资。更倾向于优化现有课程，而不是引入未经验证的新专业。,教授Mike，他是计算机科学系的一名年轻而活跃的教师。他一直关注最新的科技动态，并认为创新与变化是推动教育发展的重要原动力,支持引入人工智能专业。认为现在是学校进行改革，跟上科技发展步伐的最佳时机。相信这不仅可以吸引更多的学生，还可以为学生提供更多职业发展的可能性。,同事,3,49
教育/培训/学校/校园,教师培训项目,大同,权力,在教师培训项目中，可能会遇到确保所有教师公平获得培训的机会（大同）和权力冲突的情况,学校要实施一场为期一周的教师培训项目，意在提升教师的教学能力和教育理念。由于资源有限，学校决定，教师们需要经过评选，前十名有资格参加此次培训项目。然而，此决策引起了分歧，一部分教师认为应该实行公平原则，给所有教师提供培训的机会，另一部分教师则认为，优胜劣汰的原则更能激发教师们的积极性，提高教学质量。,奥利维亚是一名高中的物理老师，她一直倡导平等、公正的原则，她认为每位教师都应该有成长的机会,提出应该让所有的教师都有参加培训的机会，无论他们的教学表现如何，相信这样可以增强教师团队的和谐，提高教师的整体素质。,亚历山大是学校的行政主任，他是一个有野心和领导力的人，他认为通过竞争才能推动个人和团队的发展,坚持要进行评选，只让前十名的教师参加培训，认为这能激发教师们的积极性，推动他们提高教学质量，从而提高学校的整体教育水平。,奥利维亚和亚历山大都是学校的教职员工，他们在工作中经常需要进行交流和协作。,3,50
教育/培训/学校/校园,教师培训项目,成就,遵从,教师可能会面临成就和遵从的冲突，他们可能希望通过独特的教学方式取得成就感，但这可能会违反学校的教学准则和预期，因此需要寻找平衡,政府决定推广一种新的、创新的教学方式，举行全国性的教师培训项目。这种教学方式强调学生的主动性和创新性，要求教师改变传统的授课方式，采用一种更加开放、自由的教学方式。然而，这种新的教学方式并未经过充分的实验验证，且可能违反教育部的一些教学准则。这个决策带来了一些分歧，教师们对此有不同的看法。,罗伯特，一名具有深厚教育情怀、善于尝试新教学方法和理念的高中物理老师,积极支持这一教师培训项目，希望通过尝试新的教学方式，实现教学的突破和自我价值的实现。认为这是实现自我价值的重要机会，愿意接受新的挑战，以期取得更大的教学成就。,玛丽，一名严谨、尊重教育规则并且坚持传统教学方式的中学英语老师,对这个项目持保留态度，认为规范的教学方式和教育部的教学准则比试验性的、未经验证的新方法更重要。坚持按照学校的教学计划进行教学，尊重和遵守教育部门的规定。,罗伯特和玛丽是同一所学校的教师，常在教师会议上进行教学经验交流。,1,51
教育/培训/学校/校园,教师培训项目,自我导向,安全,一些教师可能倾向于探索新的教学方法和内容以满足他们的创新精神（自我导向），但这可能会带来困扰，因为新的尝试总是伴随着不确定性和风险（安全）,学校的教师培训项目正在进行决策，新的学期即将开始，校方计划针对教师们进行一次培训，目的是为了提高教师们的教学质量，使学生们能够得到更好的教育。然而，在培训内容的选择上，校方产生了分歧。一部分人认为应该引入新的教学理论和方法，鼓励教师进行类似"反转课堂"或"混合式学习"等新颖的教学模式尝试。另一部分人则认为应该坚持现有的教学方式，着重于提高教师的教学技巧，以保持稳定的教学环境。,Tom，他是一位年轻有活力的教师，具有冒险精神，对新的教学方法和理论充满了热情并乐于尝试,主张应该利用这次的教师培训机会引入新的教学理论和方法，尝试新颖的教学模式，以激发教师和学生的创新精神和主动性。,Sara，她是一位经验丰富的老教师，强调教学稳定性和规范性，注重学生的安全和顺利学习,坚持应该以提高教师的教学技巧为主，坚持现有的教学方式，以保持稳定的教学环境。,Tom和Sara在同一所学校，均为教育教学团队的重要成员，他们共同参与并影响着学校的教师培训项目决策。,3,52
教育/培训/学校/校园,教师培训项目,刺激,传统,在教师培训项目中，可能会存在刺激与传统的冲突,一所乡村小学正面临教师培训项目的决策，这个项目是由教育局提出，目的是通过现代化的教学方法和技术，提高乡村教师的教学质量。然而，这个项目需要教师学习新的教学理念和操作新的教学设备，而这与小学长期以来保持的传统教学方式有所冲突，引发了学校内部的分歧。,张老师，他是一名年轻的教师，具有开放的思想，对新事物有极高的好奇心和接受能力。他很善于利用新的教学工具和方法，以创新的方式教学。他相信新的教学方式能让孩子们获得更好的学习体验，进而提高教学效果,提倡接受这个教师培训项目，认为这不仅能提升自己的教学水平，也能使孩子们更好的适应未来社会的需求。,李校长，他是一名经验丰富的老校长，一直坚持传统的教学理念，认为稳定的教学环境和深入浅出的教学方式是最适合孩子们的。他担心新的教学方式可能会打乱现有的教学秩序，对孩子们产生不良影响,反对接受这个教师培训项目，认为现有的教学模式已经十分成熟稳定，新的教学方式并不能带来实质性的提升，反而可能带来不确定的风险。,张老师是李校长的下属，他们分别代表了学校内部的新老观点。,3,53
教育/培训/学校/校园,教师培训项目,享乐主义,传统,教师可能会面临享乐主义与责任的冲突,学校基层工作人员正在讨论如何安排本学期的教师培训项目。目标是使教师们能够获得最新的教育理念和技巧，提升教学质量。然而，在决定培训内容和方式时，不同理念的冲突产生了分歧，一方面，有人认为应该采取轻松的方式，如组织游戏、旅行等提升团队协作能力和促进情感交流，另一方面，有人坚持应该进行传统的学术讲座和研讨会，强调理论的学习和交流。,李华，一位年轻、积极的教育工作者，认为应该用新颖、有趣的方式进行教师培训，比如组织一些团队游戏或者旅行，可以让教师们在轻松愉快的环境中提升职业技能。李华的价值观是享乐主义。,建议安排一次教师团队旅行，结合户外游戏来培训团队协作和情感交流，让教师们在享受乐趣的同时也能提升专业技能。,王老师，是一位经验丰富、循规蹈矩的教育工作者，坚持认为教师培训应重视教育理念、教学方法等的系统学习，应以理论研讨和学术讲座为主。王老师的价值观是传统。,反对采取轻松的方式进行教师培训，提出应该安排一系列的专业讲座和研讨会，强调理论的学习和交流，让教师们更系统、深入地理解和掌握最新的教育理念和技巧。,同事,3,54
教育/培训/学校/校园,学分系统改革,权力,遵从,在改革中，教育部门或者学校领导可能需要做出决定，这会让他们面临自身权力与尊重教师、学生和家长意见（遵从）之间的冲突,随着教育的发展和社会的进步，某城市的教育局决定对所有学校的学分系统进行改革，目的是为了更好的衡量学生的学习情况和提升教学效果。然而，这一决定在教师和家长中产生了分歧，一部分人认为新的学分系统可以更好的激励学生，另一部分人则担心改革可能带来压力和困惑。,张局长，他是该城市教育局的领导，有着多年的教育管理经验，对教育政策有非常深入的了解。他富有决策力，喜欢挑战和改变旧有的规则,认为改革的学分系统更科学，可以更好地反映学生的学习成绩，帮助学生的成长，并决定立即开始实施学分系统改革。,李老师，她是一名资深的教师，深受学生和家长的尊重，对学校的政策有深入的理解。她始终坚持以学生的实际情况为出发点，尊重每一位学生的意见,担心新的学分系统可能会给学生带来压力，建议教育局在全面实施新的学分系统前，应充分征询学生和家长的意见，充分考虑他们的感受，避免过度压迫学生。,张局长是李老师的上级，李老师在学校中有一定的影响力，他们的决策将直接影响到学校的学分系统改革。,2,55
教育/培训/学校/校园,学分系统改革,传统,自我导向,有些学校和教师可能更倾向于坚持现有的、被大家接受的学分系统（传统），而有些则倾向于对新的学分系统持开放态度，并乐于尝试（自我导向）,一所著名的大学正在考虑是否改革学分系统，将更多的自由选择和学生个人兴趣的模块纳入到整体课程结构中。这个决策的背景是，社会和教育工作者对学生个人兴趣的关注度逐渐提高，同时也有越来越多的声音要求教育适应个体差异。而决策的目的是希望能够提高学生的学习积极性和满意度。然而，这个决策引发了大学教职工的分歧，其中有些人支持传统的学分系统，认为它更加公平且经过了时间的验证，而有些人则支持新的改革。,"张老师，他是一位资深教授,教授物理，一直坚持以严谨，公正的态度教书育人，认为传统的学分制度能够更好地评价学生的学习成绩",反对学分改革，认为当前的系统已经经过时间的考验，能够公平地评估每个学生的学习能力。担心如果允许学生自由选择学习模块，会导致学生只选择他们觉得简单或者感兴趣的课程，忽视了对基础知识的学习。,李老师，他是一位年轻的计算机科学教授，总是充满活力和创新的思维，他积极鼓励和支持改革，希望学生们能够善于自我学习和探索，形成自己的独特见解,支持学分制度的改革，认为新的系统能够激发学生的学习积极性并提高他们的满意度，同时也可以鼓励他们根据自己的兴趣选择模块，这样更有利于培养学生的创新能力和独立思考能力。,他们都是同一所大学的教授，虽然在学分制度改革这个问题上有分歧，但他们都格外关心学生的发展，只是方法和理念不同。,3,56
教育/培训/学校/校园,学分系统改革,安全,刺激,在学分系统改革中，教育者可能会面临这样的冲突：一方面，他们希望维持现状以保证学生的学习稳定（安全）；另一方面，他们也希望引入新的改革带来更大的激励和创新（刺激）,随着教育改革的推进，某大学决定对学分系统进行改革，希望通过这种方式更好的评价学生的综合能力，提升大学教育的质量。然而，这个决策在校园内部引发了激烈的争议。尤其是在教师中，有的人支持改革，认为可以鼓励学生积极探索新的学习方式；有的人则担心改革会带来很大的不确定性，影响学生的学习稳定。,张老师，经验丰富的教授，对教育有深刻的理解和见解。他珍视稳定和安全，认为教育的目标是让学生在稳定的环境中学习知识，培养学生的基础能力,反对学分系统的改革，认为现行的学分系统已经比较成熟，可以较好的评估学生的学习能力。担心改革会带来不确定性，影响学生的学习和教师的教学。,李老师，年轻有活力的教师，对教育改革充满热情。他喜欢尝试新的教育方法，希望通过改革激发学生的学习热情和创新能力,强烈支持学分系统的改革，认为现行的学分系统过于保守，无法激发学生的创新精神和实践能力。认为通过改革，可以让学生更积极地参与到学习过程中，提升学生的综合素质。,他们都是该大学的教师，平时有较多的交流和互动。,3,57
教育/培训/学校/校园,勤工助学计划,成就,大同,在勤工助学计划中，学生可能会面临自我追求的成就（例如获得更高的学术成绩）与关注全体人类和环境福利（例如投入更多时间到志愿服务或环保活动中）之间的选择，这两者可能难以同时满足,大学校园里马上要实施一项新的勤工助学计划，根据这个计划，学生可以在课后时间通过一些志愿服务活动赚取学分。决策的目的是为了帮助学生更好地理解社会，提升社会服务能力，至于是否参与此计划引发了许多学生的分歧。,李明，他是一名年轻的大一新生，对学习充满热情，目标是在大学期间积累丰富的学术成绩和实习经验，以便在将来找到一个好工作,决定不参加勤工助学计划，认为自己的主要任务应该是学习，尽管了解这个计划的好处，但认为这会分散自己对学习的注意力。,王芳，她是李明的同班同学，她热衷于社会公益活动，有着强烈的社会责任感，她认为大学生活不仅仅只有学习，还应该更多地关注社会,决定参加勤工助学计划，认为这是一个了解社会、帮助他人的好机会，尽管这可能会让自己的学习时间减少，但认为这个经历的价值远大于短暂的学术成就。,李明和王芳是同班同学。,1,58
教育/培训/学校/校园,勤工助学计划,慈善,权力,在勤工助学计划中，学生可能会面临是否为了提高自己的社会地位和声望（权力）而牺牲对他人的帮助（慈善）,该校一直以来都有开展勤工助学计划，给贫困的学生提供一份工作的机会，同时也让他们有学习的机会。今年，校方决定开展一次勤工助学的竞选，为此引发了一些争议。有些人希望此项竞选能对学生的自我提升有所帮助，也有些人认为这会让本来需要帮助的学生之间产生不必要的竞争。,杜明月，学生会主席，热心校园公益活动，善良仁慈，注重公平正义，希望每个人都能得到平等对待,认为勤工助学的本质是帮助那些真正需要的同学，竞选可能让那些需要帮助的人为了争取这个机会而互相竞争。因此反对加入竞选的环节。,李浩，校团委书记，有很强的领导力和控制欲，主张个人的发展和进步，认为竞争可以让人更快成长,认为竞选能够让更多的人展示自己，通过竞争提升自我，同时也能锻炼自己的能力，因此支持勤工助学的竞选。,杜明月与李浩都是校园里的学生领袖，他们一直以来都有着密切的合作和接触，但在很多问题上，她们的观点和理解常常存在分歧，这也让他们之间的关系变得复杂。,3,59
教育/培训/学校/校园,勤工助学计划,传统,自我导向,在勤工助学计划中，学生可能会面临是否按照传统的方式去做事（例如，按照父母的期望去选择专业）或是独立思考，按照自己的兴趣选择对自己有意义的事情（自我导向）,在一所大学中，学校推行勤工助学计划，鼓励学生通过在课余时间参与到学校各类工作中来，既可以获得工作经验，也能获取一定的工资补贴，用以减轻自己的经济负担。这个决策带来了分歧，一方面，有的人认为这是一项符合中国教育传统的计划，既能培养学生的责任感，也能让他们体验到劳动的辛苦和快乐。另一方面，部分人认为这可能会影响学生的学业，偏离他们的兴趣和专业，干扰他们自我发展的导向。,李母，是一个传统的家庭主妇,非常赞同学校的勤工助学计划，认为这是一种很好的教育方式，可以让学生在劳动中体验到生活的不易，增长见识。,李明，是一名大学生，学习成绩优秀，热爱自己的专业，并对个人兴趣有很高的追求,对该计划持有保留态度，虽然他理解母亲的意愿和学校的初衷，但主张应该有更多的时间投入到自己的专业和兴趣中，而不是被分心去做一些与自己专业无关的事情。,母子,3,60
教育/培训/学校/校园,勤工助学计划,安全,刺激,在勤工助学计划中，学生可能会面临是否选择稳定的工作（安全），还是选择富有挑战性的项目（刺激）,大学二年级的学生们正在决定是否参加学校的勤工助学计划。该计划的目的旨在帮助学生既能兼顾学业，又能赚取一部分学费。然而，参与的工作岗位和内容各异，有的工作环境稳定，任务内容较为简单；有的工作环境变化不定，任务内容充满挑战。,李明，一个重视安全、稳定的学生，不善于接受未知和挑战。他害怕参加勤工助学计划会影响到他的学业,决定选择在图书馆工作，这是一个相对稳定且安静的环境，可以在完成工作的同时也能学习。,张磊，一个渴望挑战和刺激的学生，善于处理新鲜事物。他认为参加勤工助学计划是一个锻炼自己的好机会,决定去食堂工作，那里的环境变化多端，每天都会遇到新的挑战和问题需要他去解决。,朋友,1,61
教育/培训/学校/校园,勤工助学计划,享乐主义,遵从,在勤工助学计划中，学生可能要在追求个人快乐（享乐主义）与遵从社会期望（遵从）之间做选择,大学的勤工助学计划是为了帮助经济困难的学生，同时也为学生提供了一个在实践中学习和成长的机会。然而，这个计划的实施引发了一些争议。一方面，它可能会占据学生的大部分时间，影响学习和休闲；另一方面，它也可以帮助学生建立责任感和遵纪守法的精神。,艾米，一个乐观开朗且非常重视休闲和社交生活的大学新生,选择不参加勤工助学计划，认为大学的生活主要是为了享受和尝试新鲜事物。参加勤工助学可能会占据自己大部分的时间，影响自己的社交活动。,汤姆，一个理想主义且认真对待生活的大学新生,选择参加勤工助学计划。认为这不仅能够缓解自己的经济压力，还可以帮助自己培养责任感和社会规范的理解。,朋友,1,62
教育/培训/学校/校园,学生职业发展指导,权力,大同,学生在职业发展的过程中可能面临选择权力，追求社会地位和声望，对资源的控制和统治，这可能与大同的价值观产生冲突，因为追求权力可能会损害到所有人类和自然的福利,一所大学正在开展一次职业发展规划讲座，旨在帮助即将毕业的学生对自己的未来职业发展有更明确的规划。在规划过程中，有关如何选择工作的问题引发了分歧，一方面是选择高薪、高地位的工作，另一方面是选择为社会公平正义和环保做贡献的工作。,李明，是一名热衷于创新和掌握权力的商科学生，对商业有着极高的兴趣和理解，追求个人的地位和声望,认为职业发展的主要目标是获得成功和名声，尽可能选择高薪水、高地位的工作，并致力于努力攀爬社会阶梯，实现自身价值。,张璐，是一名志向高远的环保专业学生，对公正和环保有强烈的责任感和使命感。她致力于为全人类和环境的福利作出贡献,更注重在职业生涯中为公众福祉和环境保护作出贡献，即使这可能意味着放弃一些个人的社会地位和经济收入。,张璐和李明是大学的同学，并且对对方的选择都有一定的理解和尊重。,1,63
教育/培训/学校/校园,学生职业发展指导,成就,慈善,学生可能想要根据社会的标准，通过实际的竞争获得个人成功，这意味着他们可能会忽视对亲近的人的照顾和帮助，这与慈善的价值观相冲突,中学毕业后，学生需要选择大学的专业，这是一个关键的决策，因为他们的选择将影响他们的职业生涯。学生们面临的选择多种多样，包括科学，艺术，商业等等。在这个选择过程中，许多学生倾向于选择那些社会认为有声望，有前途的专业，期待通过学习并在这些领域里有所成就。然而，另一些学生则希望选择那些能帮助他人，能对社会产生积极影响的专业，他们希望自己的职业能够对他人有所帮助。,Tom，一个梦想成为科学家的学生。他觉得科学杂志上的那些研究成果非常有吸引力，而且他也觉得科学家是一个非常有声望的职业,决定选择物理学作为大学的专业，希望通过自己的努力，有一天能在科学研究领域有所成就，甚至获得诺贝尔奖。,Lily，一个深思熟虑的学生。她曾在一次社区服务中发现自己应尽可能地帮助那些需要帮助的人。她在想着是否应选择一门可以让自己更好地为社会做出贡献的大学专业,决定选择社会工作专业，以期望在毕业后能成为一名社会工作者，帮助那些处境困难的人。,他们是来自不同家庭，却在同一所学校念书的同学。由于他们的兴趣领域迥异，他们经常就学习和未来专业选择的问题产生分歧。,1,64
教育/培训/学校/校园,学生职业发展指导,自我导向,遵从,学生可能想要独立思考和做决定，选择自己的职业道路，这可能与遵从的价值观相冲突，因为他们可能需要遵从父母或者社会的期待选择特定的职业,在一个大学的职业发展中心，学生职业发展指导师Liam正在和大三学生Amy进行一对一的职业规划咨询。Amy一直很热爱音乐，她希望毕业后能够去追求自己的音乐梦想，但是她的父母希望她能走上一个更稳定的职业道路，比如成为律师或者医生。这个决策带来了Amy和她的父母之间的分歧。,Amy，一位对音乐充满热情的大学生，自主，有独立思考的能力和追求自己梦想的勇气,决定要追求自己的音乐事业，尽管这个决定可能会带来一些不确定性，但希望能够试一试。,Amy的父母，他们希望Amy能够有一个安稳的工作和生活，他们认为成为律师或者医生能够提供这样的保障,希望Amy能够听从自己的建议，选择成为一名律师或医生。,Amy和她的父母是一家人，他们都关心着Amy的未来，但是在职业选择上产生了分歧。,3,65
教育/培训/学校/校园,学生职业发展指导,享乐主义,安全,学生在职业发展的过程中可能追求个人的快乐或感官上的满足，如选择自己热爱的职业，但这可能与追求稳定安全的工作相冲突，因为他们可能需要放弃一些稳定但并非自己热爱的工作,现在是大学生涯的尾声，毕业即将来临。李明和许琳是同班同学，他们面临着一个共同的决策问题：在即将踏入社会的工作岗位选择上，究竟应该选择自己心中的理想，还是选择稳定、踏实的工作岗位。这不仅关系到他们的未来前程，也涉及到他们对未来生活的设想和期待。,李明，他颇具艺术天赋，大学期间一直活跃在校园的艺术团体，他希望毕业后能从事艺术创作的工作。他是一个充满激情的人，总是追求自己的梦想，对未来充满期待,选择自己的热爱，决定毕业后去从事自己热衷的艺术创作，尽管这个决定可能会带来不稳定的收入和一定的生活压力，但认为能够做自己热爱的事情是最重要的。,许琳，是个实事求是、稳重的人，她相信稳定的工作和生活是最能保证她未来生活质量的选择,选择从事自己学业相关、稳定的工作，尽管这份工作并非自己的兴趣所在，但认为这是个稳定的选择，能够为自己的未来生活提供保障。,李明和许琳是同班同学，他们有共同的生活环境和学习经历，会经常讨论各自的人生观和价值观，一起面对未来的选择。,1,66
教育/培训/学校/校园,学生职业发展指导,刺激,传统,学生可能在职业发展中寻求刺激和新奇，想要尝试一些非传统的职业道路，这可能与尊重和赞成文化或宗教的习俗和理念的价值观相冲突,学校即将举行一次职业发展讲座，主要是对学生们未来的职业规划和发展进行指导。学校邀请了行业内的专家和从业者来分享他们的经验，为学生们提供实际的工作场景和可能遇到的问题。然而，在选择讲座主题和讲师的过程中，产生了分歧。一方认为应该鼓励学生尝试新的、非传统的职业，尽可能为他们开拓更广阔的视野；另一方则认为，应重点介绍那些稳定、有良好前景的传统职业。,Lily，作为学生会主席，她坚信学生应该有自己的选择权，而且她认为学校的职业教育应该跟上时代的脚步，引导学生敢于尝试，敢于挑战新事物,决定邀请一些从事新兴行业，比如互联网科技、电子竞技、独立音乐制作等领域的讲师，希望能为学生提供一个更广阔的视野，让他们了解到除了传统的职业选择之外，还有更多可能。,Mr.Smith，他是学校的职业规划指导老师，经验丰富，他认为对于大多数学生来说，稳定的传统职业是更好的选择，因为那些职业的发展前景明确，薪资收入稳定,认为职业讲座应该以传统行业为重，计划邀请一些从事教育、医疗、金融等行业的专业人士，以他们的经验为学生们提供真实的工作场景和实用的就业指导。,学生会主席与职业规划指导老师的关系。,3,67
教育/培训/学校/校园,学习困难解决方案,权力,大同,在教育场景中，一方面老师需要展示他们的知识和权威以维持课堂秩序和有效的教学（权力）；另一方面，他们也需要展示公平和包容，让每个学生都有机会发表意见，尊重他们的观点（大同）,在枫叶中学的九年级数学课中，一批学生对于难度较高的代数问题非常困惑，并且在近期的测试中表现不佳。学校为此展开了一次讨论会，以寻找解决这个问题的方案。决策的目的是找出一种最有效的方法来帮助学生掌握难度较高的数学知识。在讨论会中，不同的教师根据他们的价值观提出了不同的解决方案，引发了一些分歧。,Mark，枫叶中学的资深数学教师，他总是注重课堂秩序，坚信教师的权威性能帮助学生更好的学习。他的价值观是权力。,建议应该加强课堂控制，设置更严格的学习规则和惩罚机制，认为这将使学生更专注于学习并严肃对待难题。,Emma，枫叶中学的心理咨询师，她总是关注学生的心理需求，认为每个学生都应得到平等和尊重的待遇，把他们的需求放在首位。她的价值观是大同。,建议应该理解和适应学生的学习需求，不仅仅关注他们的成绩，还要注意他们的学习过程、情绪压力和个体差异，给予他们更多的个别指导和鼓励。,同事,3,68
教育/培训/学校/校园,学习困难解决方案,自我导向,遵从,在学校环境中，学生需要遵从规则和让自己的行为符合教育者的期望（遵从），但同时他们也需要发展自己的个性，并在学习中追求自我满足（自我导向）,一所高中的数学成绩普遍偏低，现在学校决定启动"学习困难解决方案"来提高学生的数学成绩。目标是提高全校数学的平均成绩，但是具体的方法产生了分歧。,Tom，他是一名充满活力和创意的数学老师，他总是试图以新的方式来教授数学，使学生能更好地理解和兴趣。他认为每个学生都应该有自己独特的学习方式,建议实施一种自我导向的学习模式，为学生提供多种学习数学的方式，并允许他们选择他们认为最有效的方式。例如，学生可以通过在线课程、小组讨论、实践项目等多种方式学习数学。,Susan，是一名经验丰富的数学老师，她非常尊重并遵循传统的教学方法和纪律。她认为规范和一致的教学方式对提高学生的成绩最有效,主张继续遵循传统的教学方式，比如更多的讲座和测试。她建议提高上课的严谨度，强化课后的练习，并对学生的进步进行更严格的评估。,他们都是在同一所学校教授数学的老师，对于如何提高学生的数学成绩，他们有着不同的观点和方法。,3,69
教育/培训/学校/校园,学习困难解决方案,安全,刺激,在解决学习困难时，学生可能会想要选择一个保守的、已知的解决方案（安全），或者尝试一个新的、不确定的方法（刺激）,在一所大学的数学系，一门复杂的课程带给了学生们很大的学习压力。教授布置了一项挑战性很高的课程项目，许多学生在解决此问题方面感到困难，甚至开始考虑是否放弃。教授决定聘请两名助教来帮助学生解决他们的学习困难，并给出解决方案。然而，这两名助教在如何解决这个问题上有不同的看法，引发了冲突。,玛丽，是一名资深的数学研究生，擅长解析学和拓扑学。她有丰富的教学经验，并且总是对学生们的安全和稳定负责,建议用已经在教科书上详细解释过的解决方案，以帮助学生们理解并完成这个课程项目。认为这种方法更为安全，可靠并保持学生们的学习进度。,杰克，是一名数学研究生，没有太多的教学经验，但是他在解决问题上的创新思维被教授高度评价。他喜欢探索新的方法并乐于接受挑战,提出一个全新的方法来解决这个问题，认为这种方法能够更好地帮助学生们理解这门课程，并可能提供更深的洞见。认为这种方法虽然存在一定的风险，但更具挑战性和刺激性。,两人都是数学系的研究生，且都被聘请为这门复杂课程的助教，应该共同解决学生的学习困难，但他们在解决方案上有不同的观点和方法。,3,70
教育/培训/学校/校园,学习困难解决方案,享乐主义,传统,学生可能想要寻找一种更有趣的学习方式（享乐主义），但传统的教育方式可能更强调纪律和规则（传统）,在新的学年初，学校决定对学习方法进行一次改革，目的是帮助成绩平庸甚至偏下的学生提高学习效率。学校想要在新的授课方式中融入更多的游戏元素，希望能通过这种新颖有趣的方式，激发学生的学习兴趣，解决他们的学习困难。然而，这个提议在教师中引发了分歧，部分认为这样能吸引学生的注意力，另一部分则担心这样可能打破管理秩序，影响学生的学习效果。,Tom，Tom是一位年轻的教师，他富有创新精神，经常研究新的教学方式并将其应用在课堂教学中。他相信学习可以在快乐中进行，而不只是枯燥的功课和严格的考试,Tom支持改革，他认为增加游戏元素会让学生在快乐中学习，这样也更有助于他们解决学习上的困难。他计划设计一些有趣的学习游戏，并将其融入到课堂教学中。,Jane，Jane是一位经验丰富的老教师，她一直坚持传统的教学方式，认为严格的纪律和清晰的教学目标是保证学生学习效果的关键,Jane反对改革，她认为加入游戏元素可能会让学生放松对学习的重视，从而影响他们的学习效果。她建议保持原有的教学方式，同时，让学生在课后自行选择是否使用游戏化的学习方法。,Tom和Jane都是学校的老师，一直都在一起合作教学，只是在教学方法上有所分歧。,3,71
教育/培训/学校/校园,学生心理咨询服务,慈善,成就,在学生心理咨询服务这个场景中，咨询师可能面临帮助学生（慈善）与追求自身专业成就（成就）的冲突,学生心理咨询中心面临一项决策，一个来自于贫困家庭的优秀学生因为家庭困难导致心理问题，需要定期进行咨询。然而这项服务需要一定的费用，该学生并无能力支付，而此时心理咨询中心的经费也紧张。决策的目的在于是否免费为这名学生提供心理咨询服务，决策带来的分歧在于如何平衡经费和学生的需求。,心理咨询师玛丽。玛丽作为一个经验丰富的咨询师，她切身知道心理健康对学生的重要性，并且她对帮助别人有着强烈的使命感,决定尽可能挤出时间，无偿为这名学生提供心理咨询服务。,心理咨询中心的经理约瑟夫。作为一名管理者，约瑟夫一直以提升咨询中心的服务水平和影响力为己任。他希望通过优质的服务吸引更多的学生，从而获取更多的资金支持，进一步提升中心的服务能力,认为虽然帮助这名学生是重要的，但如果只靠资金不足的中心来支持，可能会影响到其他付费的学生。因此，建议寻求校方的资助，或者呼吁社会人士捐款来解决这个问题，以此提升中心的影响力。,上下级,3,72
教育/培训/学校/校园,学生心理咨询服务,安全,刺激,在心理咨询中，安全感是非常重要的，但是学生可能想要从咨询师那里得到一些刺激性的建议去面对生活中的挑战，这可能会和咨询师提供一个安全、稳定的环境之间产生冲突,在某大学内，近期出现了一些学生的心理问题。为此，学校决定提供学生心理咨询服务，希望帮助这些学生解决心理问题。然而，在具体的决策过程中，有人主张应该提供一个安全稳定的环境，让学生感到安心并鼓励他们分享自己的困扰。另一些人则认为应该提供一些新奇刺激的心理咨询方法，以吸引更多学生主动参与。,玛丽，是一位经验丰富的心理咨询师，擅长运用理论和心理治疗技巧来处理学生的心理问题。她相信在一个稳定安全的环境中，学生更易于打开心扉，分享他们的困扰,提议预先为咨询室布置一个舒适的环境，使用温和的语言和方式与学生交谈，适时给予学生肯定和鼓励，以增强学生的安全感和满意度。,詹姆斯，是一位年轻有活力的心理咨询师，主张尝试新的咨询方法，他认为一些新奇刺激的方法能够吸引学生的注意力，并激发他们对心理咨询的兴趣,建议使用一些创新的心理咨询方法，例如通过角色扮演、小组咨询等方式让学生在参与中解决心理问题。,他们是共同工作的心理咨询师，各自拥有不同的咨询理念和方法。,3,73
教育/培训/学校/校园,学生心理咨询服务,遵从,慈善,学生可能面临着遵从父母或社会期待（如学业成绩，就业选择等）与追求个人快乐和满足（比如追求自己喜欢的艺术或者娱乐活动）的冲突，咨询师需要帮助他们在这两者之间找到平衡,一所著名大学决定启动一项心理咨询服务，该服务主要是为了帮助学生处理学业、就业、人际关系等各种心理压力。但是，这一决定引起了一些内部分歧，一些教师认为学生更应该专注于学业与未来的职业选择，而另一些教师则主张应该让学生有更多时间去享受生活，追求他们的兴趣和爱好。,李教授，李教授是一位严谨的学者，他认为学生应该把大部分的时间和精力投入到学业上，他认为这是学生的首要任务,认为心理咨询服务应该着重于帮助学生处理学业压力，建议提供一些学习方法和技巧的指导。,张教授，张教授是一位开放思想的教师，他认为学生应该有更多的时间去追求自己的兴趣和爱好，以此来丰富自己的人生体验和提升自己的综合素质,认为心理咨询服务应该着重于帮助学生处理生活压力，建议提供一些生活指导和心理调适的建议。,他们是同一所大学的教师，共同关心学生的成长与发展。,3,74
教育/培训/学校/校园,学生住宿安排,安全,自我导向,在安排学生住宿的场景中，可能出现的冲突包括校方为了学生的安全，可能会设置较为严格的住宿规定，例如：晚归时间限制，或者不允许在宿舍内烹饪等,大学校园将重新被允许学生入住，学校行政部门在考虑如何进行住宿安排。目前面临的大问题是：晚归是否有时间限制，以及宿舍中是否应该允许烹饪。决策的背景是疫情的影响，决策的目的是在确保学生的安全和满足学生对自由选择的期望之间找到平衡，决策带来的分歧是在保证安全和提供自由选择之间的冲突。,玛丽，她是学校的宿舍管理员，负责所有学生宿舍的管理工作。她非常专业且细心，始终坚持学生的安全是第一位的,认为晚归应该有时间限制，宿舍内不允许烹饪。因为这样可以最大程度地保障学生的安全。,詹姆斯，他是学生会主席，充满活力并且具有极强的个性，他倡导学生应该有更多自我决定权,认为学生应该有更多自由，包括晚归没有时间限制和在宿舍中允许烹饪，这样可以满足他们自我探索和成长的需要。,在学生住宿安排这个问题上，玛丽和詹姆斯分别代表了学校行政部门和学生会，他们都是为了学生的福祉考虑，但在如何保护和提升学生福祉的方式上有所分歧。,3,75
教育/培训/学校/校园,学生住宿安排,权力,大同,如学校宿舍的空位有限，学校可能会将优先权给予某些特定的学生群体，例如学习成绩优秀的学生或是学校的学生领导,本年度的新生招生比例增加了，但是学生宿舍没有相应的扩建，导致宿舍空位不足。学校现在面临一个难以决策的问题，那就是应该如何分配有限的宿舍空位。校长助理，詹姆斯，提议优先给学习成绩优秀的学生和学校代表性的学生领导。而教务主任，里奥，认为应该公平、均等的分配给所有的学生，避免造成学生之间的差距。,詹姆斯，学校的校长助理，对于管理学校有着独特和成功的理念，他认为优秀的和有影响力的学生应该得到更多的待遇,决定优先分配宿舍给学习成绩优秀的学生和学生领导，这样可以激励其他学生更加努力学习和积极参与学校活动，提高自己的社会地位和影响力。,里奥，学校的教务主任，对于教育有深厚的热爱，他认为教育的本质是公平和均等，应该让每个学生都有平等的机会,认为宿舍应该公平的分配给所有的学生，这样才能体现公正，避免造成学生之间的不公平。,詹姆斯和里奥都是学校的重要管理人员，平时的工作中需要密切的配合和共同的决策，他们之间的关系十分密切。,3,76
教育/培训/学校/校园,学生住宿安排,享乐主义,遵从,一些学生可能倾向于享乐主义，他们希望住宿环境轻松愉快，希望与朋友共享空间，可能会举办一些晚上的聚会活动等,大学即将安排住宿，现在需要决定是单人寝室还是多人寝室。部分学生希望寝室空间开放，可以邀请朋友来玩，乐在其中；而另一部分学生则希望保持寝室的安静，遵从学校的纪律，专心学习。,Mike，一位乐观开朗的学生，热爱社交，非常善于交友。他的生活充满了活力，他总是喜欢与人分享他的快乐,主张设置多人寝室，认为学生之间的交流对于自身成长和社会能力的培养非常重要。此外，期待在寝室中创造出更多有趣的活动，以此为同学们带去快乐。,Lisa，一位严谨认真的学生，遵从规则，她认为学校是学习的地方，应当维持一种安静，有利于学习的环境,倾向于单人寝室，认为保持寝室的安静有利于专心学习。同时，也希望大家能遵守学校的规章制度，保持寝室环境的整洁。,朋友,1,77
教育/培训/学校/校园,学生住宿安排,刺激,传统,一些学生可能倾向于寻看新奇和刺激的生活方式，比如选择异国他乡的留学生作为舍友，期待通过他们体验不同的文化,学校决定为新学期的学生住宿安排另设一项选择：提供一个机会让学生选择是否愿意与来自不同文化背景的留学生共同生活。决策的目的是为了丰富学生的生活体验，增强学生之间的理解和交流，但是这个决策引发了学生之间的不同观点和分歧。,Tom，是一个富有冒险精神的学生，热衷于尝试新事物，对于不同的文化有着极高的好奇心,选择和一位来自日本的留学生结伴同住，认为这是一个能够深入了解不同文化，得到刺激和挑战的好机会。,Mike，是一个比较保守的学生，重视自己的习惯和纪律，更愿意维持现状，尊重自己的本土文化,选择和来自自己国家的室友同住，觉得这样更能保持自己的生活习惯，不需要为了适应他人而改变自己的规律和习惯。,同学,1,78
教育/培训/学校/校园,学术不端行为处理,成就,慈善,在'学术不端行为处理'的情况中，有可能出现一些学生为了个人的学业成就，比如获得高分或者优秀的学术成果，可能会作弊或剽窃他人的成果，这与公正的价值观产生冲突，因为公正主张公平公正的处事，尊重他人的努力和成果,一所著名的大学最近发现，学生提交的学术论文中有很大一部分存在剽窃他人成果的情况。这些学生大都是为了获得更高的分数和社会声望，他们忽视了学术的原则和公正性。大学管理部门决定对这种行为进行处理，但是具体的处罚方式引发了不小的争议。,杰克，杰克是大学管理部门的一名成员，他一直在努力为自己的职业生涯打下坚实的基础，以取得更高的成就。他相信只有严厉的惩罚才能遏制这种行为的发生,提议对于存在学术不端行为的学生，学校应该严厉处罚，直至开除学籍，以此作为警示，避免类似的情况再次发生。,艾米，艾米是大学的一名教授，她对待学生充满了理解和同情，她认为每个人都应该有改正错误的机会，而不是被直接开除,提出应该给予学生们改正错误的机会，而不是直接开除他们。提议设置一次警告，让他们意识到自己的过错，同时学校应该对他们进行更多关于学术道德的教育。,同事,3,79
教育/培训/学校/校园,学术不端行为处理,权力,慈善,在处理学术不端行为的过程中，校方或者教师可能掌握着决定性的权力，可能会出现滥用权力的情况，这就与慈善的价值观形成冲突，因为慈善主张维护和提高那些自己熟识的人们的福利,在大学教育领域，一起涉及学术不端的事件引起了广泛关注。学生A被发现在大型课程中抄袭了他人的研究成果提交作业。该事件已经被告知了学校的学术不端行为处理委员会，现在他们需要做出一个决策：是严肃处理，将学生A开除，以此彰显学术规范的重要性，还是给予学生A警告并给他一个改正的机会。对此，不同的观点和决策在委员会中产生了分歧。,理查德，理查德是学术不端行为处理委员会的主席，一直以来，他都对追求学术诚信抱有强烈的信念，他认为对那些破坏了这种规则的人应该给予严厉的惩罚。在学校中，他有着决定性的权力,决定处以最严厉的惩罚，即开除学生A，以此来维护自己的权力和学术的公平性。,萨拉，萨拉是学术不端行为处理委员会的一名成员，她是一名教育心理学教师，她总是期待能够为学生创造一个充满关爱和理解的环境。在萨拉看来，学生A可能是因为压力或者对规则的不了解而犯了错误,反对严厉惩罚学生A，认为应该给学生A一次改正错误的机会，让他学习到这次的教训，而不是直接剥夺他的学习机会。,同事,3,80
教育/培训/学校/校园,学术不端行为处理,遵从,自我导向,在学术环境中，学生可能会面临遵从学术规则与追求自我导向的冲突,高校一年级的期末考试周正进行，一件忽然爆发的学术不端行为引起了学校领导的重视。某学生被指控在化学期末考试中作弊，这个学生坚称自己并没有作弊，而其他的一些同学也为他作证。学校决定将这个问题交给化学系的系主任和教务处长来处理。这个决策的目标是要确定是否对被指控的学生进行处罚。然而，对这个问题的看法在化学系的系主任和教务处长之间产生了分歧。,Richard，他是该校的化学系主任，一位严谨、认真，并相信规则和纪律的人。他对于学术诚信持有极端重要的看法，并且在任何情况下都坚决反对学术不端行为,认为应该对涉嫌作弊的学生进行严肃的处理，哪怕有学生为他作证，也不能轻易相信他的解释。认为尽管这样可能会伤害到这个学生，但是对于规则的遵守却至关重要。,Susan，她是该校的教务处长，一位鼓励学生独立思考，倡导探索精神，并敢于对错误承担责任的人。她认为学术不端行为并非都是那样的黑白分明，需要更多的理解和指导而不是简单的惩罚,建议进行深度调查，而不是仅凭一项指控就断定学生的行为。在调查中，如果发现学生确实存在问题，建议对该生进行适当的指导和帮助，而不是直接惩罚，以鼓励学生独立思考，尊重学术，从错误中学习和成长。,同事,3,81
教育/培训/学校/校园,学术不端行为处理,享乐主义,安全,在学术环境中，一些学生可能会为了个人的快乐或感官上的满足，比如为了避免学习压力、享受轻松，而选择抄袭、剽窃等不正当手段，这就与追求安全稳定的学术环境的价值观发生冲突,在某个学术论坛上，一篇被广泛关注的论文被发现有部分内容涉嫌抄袭，引发了广大学术界人士的炽热讨论。论坛的组织方现在需要做出决策，是封禁涉嫌抄袭的作者，还是给予警告后对其宽恕。决策的目的是维护学术环境的公正和纯洁，但决策带来的分歧就在于，封禁可能让创新的气氛受挫，宽恕可能让抄袭行为得以滋生。,杰克，一位骨干教师，对自己的教学事业有着深深的热爱，但同时也是一位追求享乐的独立思考者，喜欢在学术上尝试新的事物,认为在这个问题上应该给予涉嫌抄袭的作者宽恕，认为这不仅是给予其犯错改正的机会，更是在维护学术界的多样性和创新，为了避免打击学术界的创新气氛，他选择宽恕。,艾米，一位严谨的教授，对学术界的研究和教学环境有着严格的要求，始终坚持严谨求实的态度,坚决主张封禁涉嫌抄袭的作者，认为这样才能更好地保护学术环境的公正和纯洁，维护文章的安全，也是对其他作者的公平对待。,同为该学术论坛的决策委员会成员，对于学术界有着深厚的热爱，并共同面对这个问题的处理决策。,3,82
教育/培训/学校/校园,学生奖学金制度,权力,大同,在奖学金分配制度设计中，如果校园中的权力操控者以权力地位和声望为主要考量，可能会偏向于奖励那些已经表现出强烈领导力或突出贡献的学生，这种情况下可能会忽视到那些可能更需要资金支持但暂时未有显著表现的边缘或弱势群体，与人人平等，追求社会公正的大同价值观形成冲突,一所大学正在讨论其新学年度的奖学金分配制度，决策的目的是如何更合理地分配奖学金，使之既能激励优秀学生，又能帮助在学业和生活中存在困难的学生。然而在分配比例和对象的选择方面引发了不同的看法。,约瑟夫，他是大学的财务部门负责人，有一定的决策权力。约瑟夫认为奖学金应该主要分配给那些在学业和课外活动中有亮眼表现的学生，他认为这样可以提高学校的声誉和地位，吸引更多的优秀学生来此就读，并激励学生们提高自己的竞争力,提出将大部分奖学金分配给在学术、艺术、体育等方面有出色表现的学生。,艾米丽，她是大学的社会服务部门主任，对学生的生活贫困情况有深入的了解。艾米丽认为奖学金不应只注重学生的优秀表现，而应更多地考虑到经济困难的学生。她认为帮助他们可以减轻他们的生活压力，让他们有更多的精力来专注于学习，这也是大同社会应该做的事情,提出将一部分奖学金专门设立为助学金，并指定给那些经济困难但努力学习的学生。,他们都是大学的工作人员，虽然职务不同，但都对学生奖学金制度的决策有着重要的影响。,3,83
教育/培训/学校/校园,学生奖学金制度,成就,慈善,如果奖学金制度过分强调学术成绩或其他成就，可能会忽视对处于不利环境中努力上进的学生的实质性援助，与维护和提高那些自己熟识的人们的福利的慈善价值观产生冲突,在皇家大学，学生奖学金制度每年都是一个重要的议题。大学管理者们致力于提供一个公平且激励优秀学生的奖学金制度。今年，校方打算调整奖学金制度，侧重于优秀学生的奖励，旨在提高大学的学术声誉。然而，对此做法的看法却有所分歧。,William，皇家大学的财务主管，坚信高人一等的成就应该得到相应的奖励，以此鼓励所有学生更努力学习，提高学术成就,提议奖学金应该主要颁发给获得年级前10%成绩的学生，这样可以激励所有学生努力提高学术成就，从而提升整个大学的学术声誉。,Emma，皇家大学的学生事务主管，她关心所有学生，尤其是那些遭受生活压力，但仍努力学习的学生。她认为学校应该在一定程度上关注他们的福利,提出应该为那些经济困难但学习态度积极的学生预留一部分奖学金，以尽可能地减轻他们的经济压力，使他们能更集中精力在学业上。,William和Emma都是皇家大学的管理层，他们需要共同决定学生奖学金的发放问题。,2,84
教育/培训/学校/校园,学生奖学金制度,安全,自我导向,为了保障奖学金制度的公平公正，可能会制定出严格的标准和流程，而这可能抑制了学生自主选择、创新、探索的自我导向价值观,本校正在制定新的奖学金制度，决策背景主要是因为当前的奖学金制度抑制了学生的个性发展和创新能力，而新的制度希望能解决这个问题。然而在决策过程中出现了分歧，一方面，学校希望保障奖学金的公平分配，确保所有表现优秀的学生都能得到奖励，另一方面，学校也希望创新奖学金制度，把更多的机会给予有创新精神和挑战精神的学生。,黄校长，具有多年的教育经验和深厚的教育情怀，对于公平公正有着深深的执着，相信每一个学生都应该得到平等对待，价值观：安全。,支持维持现有的奖学金制度，认为这样可以确保所有表现优秀的学生都能得到奖学金，对于自己来说，最重要的是确保所有学生的权益，也让学生安心投入到学习中，不用因为奖学金的分配制度而产生困扰。,李教务主任，有着开放的思想和丰富的管理经验，经常尝试引进新的教育理念和方法，认为学校应该培养学生的创新精神和个性发展，价值观：自我导向。,提出新的奖学金制度，认为这样可以更好地激发学生的创新精神和挑战精神，让他们有更大的自我发展空间，为学校带来更多新的变化和创新。,同事,3,85
教育/培训/学校/校园,学生奖学金制度,享乐主义,遵从,有的学生可能更注重个人快乐和感官满足，过于追求享乐可能忽视了奖学金制度中对于遵守规则、自我约束的要求，与遵从价值观形成冲突,大学新一届的奖学金评选制度改革正在进行中，希望通过制度改革鼓励学生更积极地参与到学术和社会实践活动中来。决策的目的在于使奖学金更公平地分配给那些在学习和活动中表现优秀的同学。然而，关于奖学金的分配比例和评选标准的具体设定，校方的决策引发了大量争议。,杰克，非常享受大学生活，喜欢参加各种社交活动，追求个人的快乐和感官满足。他认为大学是享受生活，锻炼自我的地方，而不仅仅是学习,认为奖学金应该更注重学生在校生活的质量，例如参加社团活动、社区服务等，而不是仅仅看重学术成绩。认为这样更能满足学生的个人发展和快乐追求。,苏珊，是个典型的学霸，她非常尊重和遵守规则，认为学生的主要任务就是学习，获取优秀的学业成绩。她的价值观是遵从。,坚持认为学业成绩应作为评选奖学金的主要标准，因为这是最公正、最客观的评价体系。认为注重享乐可能会妨碍学生遵循学校的学术规定，对学习不尽职。,同学,3,86
教育/培训/学校/校园,学生评教制度,成就,大同,学生评教时，可能会出现他们希望自己的成绩更好，因此给予老师较高的评价以取得老师的欢心，这与公平的价值观冲突，因为这样的评价可能并不真实，也可能影响其他学生的权利,学校为提高教学质量，提出了学生评教制度，学生可以对授课老师进行打分评价。目的是让教师了解自己的教学得分来改进其教学方式，但它也带来了分歧，因为有些学生可能会利用这个制度来获取老师的欢心，为了自己的利益，给予老师较高的分数，从而影响了这个制度的公正性和公平性。,小明，是一个明确追求自我成就的学生，他理智、目标明确，对自我要求比较高，认为努力和能力是实现目标的关键,觉得好的成绩是自己目前最迫切的追求，所以在对老师进行评价时，会给予老师较高的分数，以便得到老师的欢心，提高自己的学业成绩。,小红，是一个非常注重公平和公正的学生，她对遵守规则和公平公正的原则有深厚的信念，希望能为社区创造一个公平公正的环境,认为评教的过程应当是公正和真实的，会在评教过程中客观地、公正地对老师的授课进行打分，而不会为了个人的利益去歪曲评价。,同学,1,87
教育/培训/学校/校园,学生评教制度,自我导向,遵从,在评教过程中，一些学生可能会选择按照自己的观点和感受进行评价，而不是遵从学校的期望或主流观点，这就可能导致自我导向与遵从的价值观发生冲突,最近，高校决定实行学生评教制度，期望通过这种方式了解教师的教学质量，促进教师的教学改进。然而，这个决策引起了不少争议：一些学生认为他们的观点和感受应得到充分的表达和尊重，应该根据自己的实际体验进行评价；而另一些学生则认为应该尊重和遵从学校的规定和期望，尽可能做出有利于学校教学品质提高的评价。,李明，一个热衷于独立思考的学生，他善于分析事物，对于事物有自己独特的看法和理解,认为学生评教不仅是对教师教学水平的反馈，更是学生对教学体验的主观反映。因此，决定按照自己的体验和感受，以及对教学的理解去进行教师评价，即使这可能导致与学校的期望产生一定的冲突。,王雅，一个遵规守纪、尊重传统的学生，她相信学校的制度和决策是有其深思熟虑的，学生应该尊重并遵从学校的规定,认为学生评教是一种学校的规章制度，学生应该按照学校的期望去进行评价，即使这可能忽视或牺牲一部分学生的个人感受。决定按照学校的期望，以及对教学质量的理解去进行教师评价。,同学,1,88
教育/培训/学校/校园,学生评教制度,享乐主义,遵从,有些学生可能会忽视评教的责任，只是把评教当作一种娱乐，这与负责任的价值观形成冲突,每学期结束后，校方会启动学生评教制度，以获取教师教学质量的反馈，进一步改进教学方法和课程设置。其中包括学生对教师教学态度、教学方式、课程难度等方面的评价。目的是为了提高教学质量，更好地满足学生的学习需求。但这个制度的执行也面临着一些分歧，一些学生并未把评教看作一项重要的任务，而是把它当作一种娱乐，随意打分，有些学生认为应该严肃对待。,汤姆，一个喜欢追求乐趣，不喜欢过于严肃和令人压抑的事情的大三学生,在进行教师评价时，没有仔细思考，只是随便打了些分数，觉得这只是一种娱乐，没有必要太认真。,艾米，一个严谨认真，喜欢遵守规则和尊重传统的大二学生,对评教制度抱有很高的敬意，认为这是一种促进教学质量提高的重要手段。在进行教师评价时，会非常认真，详细记录了教师在课堂上的表现，并在评价表上打出了客观公正的分数。,同学,1,89
教育/培训/学校/校园,学生评教制度,安全,刺激,有些学生可能喜欢新鲜、刺激的事物，他们可能会因为新的教学方式或者教师而给予较高的评价，而这可能与期望教育环境稳定、和谐的安全价值产生冲突,一个大学决定进行一次全面的学生评教制度改革，目的是通过学生的反馈来提升教学质量和教师的教学水平。决策带来的分歧主要在于新的评教制度是否应该包含对教师新颖教学方法的评价，以及是否应该对保持教学稳定性的教师给予更多的肯定。,Richard，他是一位对教育非常有热情的教育学院主任。他认为教育应该是一种保障，提供稳定和安全的环境才能让学生专心学习。他的价值观主要是安全。,认为现行的教学方式已经被证明是有效的，因此在削弱教学稳定性的同时追求新颖可能会带来不必要的风险。决定反对包含对教师新颖教学方法的评价。,Lucy，她是一位年轻有为的教育改革者和学生代表。她喜欢新鲜事物，总是在寻求新的、更有效的教学方法。她的价值观主要是刺激。,认为新的评教制度应该鼓励和奖励愿意尝试新方法的教师，决定支持包含对教师新颖教学方法的评价。,Richard和Lucy都是学校的决策者，他们在学校决策层面上有广泛的交集，但在个人价值观上存在分歧。,3,90
教育/培训/学校/校园,学生社区服务项目,成就,大同,在学生社区服务项目中，一些学生可能更关注个人成就，如为了在大学申请中增加竞争力而积累社区服务小时数,高中的学生社区服务组织正在筹划一个新的项目：为老年人开展电脑课堂，帮助他们学习使用电脑，如使用电子邮件，上网搜索信息等。这个决策的目的是提升学生的主动服务意识和团队协作能力，同时也帮助老年人更好地融入数字化社会。然而，如何组织和实施这个项目的决策引发了分歧。,汤姆，汤姆是个人尽其才的高中生，他的目标是去一所好的大学，期望在申请大学时有更多的竞争力。他希望通过这个项目来提高自己的社会服务经历，从而让自己在大学申请中更有优势,对这个项目的看法是，应该让自己和其他成绩优秀的学生负责，这样他们有机会展示自己的领导力，同时也能确保项目的成功。项目成功不仅能提升他们的社区服务记录，也能让他们在学校里建立起良好的声誉。,玛丽，玛丽是个热心肠的女孩，她喜欢帮助他人，认为为了社区的福利，我们应该为所有人提供帮助，无论他们的年龄、性别、经验。她认为每个人都应该有机会做出自己的贡献，为的是社区的整体利益，而不是个人利益,提出所有对此感兴趣的学生都应该有机会参与进来，不论他们的年级或成绩如何。认为提供这样的机会能让每个人都有助人的机会，学习团队合作和社区服务的重要性。此外，还建议，为了让更多的老年人从项目中受益，我们应该组织一些工作坊，让他们可以亲自动手实践。,他们是同一个学校的社区服务俱乐部的成员。,3,91
教育/培训/学校/校园,学生社区服务项目,自我导向,遵从,一些学生可能希望通过社区服务项目来追求自我导向的价值，如选择自己感兴趣的项目进行创新性的服务,学校即将启动新的学生社区服务项目，该项目的目标是让学生了解并参与到社区的各种公益活动中，培养他们的社会责任感，同时也是作为学生社会实践的一部分。然而，在具体执行的方式和项目的内容选择上，学生们产生了不同的意见和分歧，一部分学生希望可以自由选择志愿服务内容，以达到自我探索和拓展视野的目的，而另一部分学生则认为应该遵从学校的统一安排，避免混乱，确保服务项目能够有序进行。,詹姆斯，詹姆斯是一位热爱探索的大一新生，他总是喜欢尝试新的东西，积极主动，对未知充满好奇,主张学生们应该有选择权，可以自由选择自己感兴趣的公益服务内容，认为这样可以让学生更有动力和热情去投入到社区服务中，同时也有助于他们发现新的兴趣点和发展自我。,艾米，艾米是一位务实的高年级学生，她总是严谨认真，顾全大局，非常注重规则和秩序,认为学生们应该遵从学校的统一安排，担心如果每个人都按照自己的想法行事，可能会导致志愿服务项目变得混乱，无法达到预期的效果，而且在团队协作方面也可能出现问题。,詹姆斯和艾米都是学生会的成员，经常需要共同讨论和决策一些学校活动。,3,92
教育/培训/学校/校园,学生社区服务项目,享乐主义,慈善,在社区服务项目中，一部分学生可能更倾向于选择那些他们认为能带来乐趣和满足感的项目，这符合享乐主义的价值观,学校社团决定在学期末为了庆祝学期的结束，以及提升学生的社区责任感，组织一个学生社区服务项目。该项目要求社区的学生们自发组织一个活动，旨在帮助和服务社区的人们，同时也给予学生们享受和庆祝学期结束的机会。但是，如何平衡享乐与服务社区的冲突成为了一个问题。,Tom，学生会主席，热爱生活，善于寻找生活中的乐趣，他希望生活充满欢笑和快乐,认为该活动是庆祝学期的结束，应当以享受和庆祝为主。因此，提出要在公园举行一个大型烧烤派对，服务于社区的人们，同时学生们可以通过烧烤和游戏等各种方式享受快乐。,Sara，是社区服务委员会的负责人，她对社区充满热爱和责任感，总是寻求最大化地帮助和服务社区的居民,坚持认为，这个活动的主要目的是帮助和服务社区的人们，因此，建议组织一个帮助清理公园，改善社区环境的活动。虽然这样的活动比大型烧烤派对需要更多的努力，但是可以真正做到服务社区。,Tom和Sara都是学生会的领导，他们需要共同决定这个社区服务项目的具体内容。,3,93
教育/培训/学校/校园,学生社区服务项目,刺激,安全,一些学生可能寻求刺激，因此在选择社区服务项目时可能会选择一些具有挑战性或风险性的服务项目,学校每年都会举办一个社区服务项目，学生们需要自己提出项目并在社区实施。今年学校希望学生们为社区老人提供一些实际帮助。然而，对于如何提供帮助，学生们有着不同的观点和理解，产生了分歧。,Tom，他是一位十分活跃和热爱冒险的学生。他总是对新鲜事物充满好奇，并且喜欢挑战自我,希望这个社区服务项目能带给他新的挑战，提议组织一次户外探险活动，例如带领社区的老人们进行徒步旅行，这样不仅能帮助老人们活动身体，也能让他们更接近自然，感受生活的乐趣。,Susan，她是一位平和稳重的学生，总是很细心，并且注重生活的安全与平稳,认为安全是第一位的，觉得户外探险活动对于老人来说可能有一定的风险。因此，提议组织一次家庭访问活动，学生们可以去社区老人家中帮助他们做一些家务事，例如清洁、整理房间等，同时也可以陪伴老人们聊天，给他们带去暖心的陪伴。,同学,3,94
教育/培训/学校/校园,学生社区服务项目,权力,传统,在社区服务项目中，一些学生可能期望通过承担领导角色或控制项目资源来实现权力价值,本学期，学校决定组织一次社区服务项目，让学生们亲手为社区提供服务以提升社会责任感和团队合作能力。决策的目的在于为社区做出贡献、增加学生们的社会参与感，同时提高他们的社会技能。然而，在项目的执行方式上产生了分歧。一部分人认为应该设立领导团队，领导团队决定项目的方向和资源的分配，而另一部分人认为项目的执行应该严格遵循社区的传统习俗。,Jason，学生会副主席，以别出心裁、善于领导著称。他一直以掌握权力和取得成功为己任，致力于提高自己在学校的影响力,建议设立领导团队，由自己来领导并决定项目的方向和资源的分配。认为这将使项目更有效地实施，并能够展现自己的领导能力。,Linda，学生会主席，是一个深受学校尊重的人，尊重和遵循学校的所有传统和规定。她更看重安稳和和谐，认为学生应该遵循社区的传统,坚持认为项目应在尊重和接纳社区传统的基础上进行，而不是由一个领导团队去决定方向和资源的分配。认为这更能体现学生们对社区的尊重，并能让学生更深入地了解和体验社区的文化。,Jason和Linda是学生会的领导人，他们经常需要一起做出决策，但在许多事情上有不同的看法。,3,95
教育/培训/学校/校园,学校预算分配,权力,大同,在学校预算分配中，可能存在校长或决策者使用预算来提高自己在学校的地位或影响力（权力），而忽视了教育资源的公平分配（公平）,一所乡村学校得到了一笔预算，这笔预算可以用来改善学校的教学环境或者提高教师的待遇。但是如何分配这笔预算引发了分歧，一部分人认为很多教室设施老旧，需要用这笔预算来改善环境；另一部分人则认为教师工资低，对待工作不积极，应该优先提高教师待遇。,贾校长，一直渴望提升自己的社会声望，也想通过改善学校设施来增强学校的影响力,认为通过改善学校的硬件设施，可以吸引更多的学生和家长，从而提升学校和自己的社会地位。因此决定将预算主要用于改善学校的教学环境。,王老师，一直致力于公平教育，关注学生的学习质量和教师的教学态度,认为教育的初衷是为了提升每一个学生的综合素质，而优质的教育需要有高素质的教师来引领。如果教师的待遇得不到改善，教师的积极性和教学质量都无法得到保障。认为应该优先提高教师的待遇。,贾校长和王老师在学校里分别是管理者与被管理者的关系，他们都希望学校能够有所改善，但在具体的改善路径上有所分歧。,3,96
教育/培训/学校/校园,学校预算分配,成就,慈善,如果预算分配更注重学校的竞争表现，如提升学校排名或学生成绩（成就），可能会导致忽视对学习困难或经济条件较差的学生的帮助（慈善），这时候成就和慈善的价值观就可能有所冲突,新学期华丽学校需要为下一年确定预算分配。面临着人才流失、升学率下滑等问题，决策的主要目标是提升学校的竞争力和声誉。然而，如何分配这个预算，特别是在改善学校硬件设施进行更有效的竞争和为贫困学生提供更多的帮助之间，却产生了争议。,Tom，Tom是华丽学校的校长，他曾经是一名成功的教育家，在他的主导下，许多学校的竞争力和声誉都有了显著的提升。他相信，有竞争力的设施和优质的教学是提升学校地位的关键,决定将大部分预算用于改善学校的硬件设施和招聘优秀的教师，如此可以提升学校的教学质量和声誉，从而吸引更多的优秀学生，进一步提升学校的竞争力。,Anna，Anna是华丽学校的学生家长委员会主任，她是一名社会工作者，了解许多学生家庭的实际情况。她坚信学校应该提供更多的资助，帮助贫困和学习困难的学生,建议应该将更多的预算用于支持经济条件困难的学生和学习困难的学生，比如提供奖学金、增设辅导课等，这样可以帮助他们更好地融入学校生活，提高他们的学习成绩。,Tom和Anna都是华丽学校的决策者，他们在学校预算分配问题上持有不同的观点。,3,97
教育/培训/学校/校园,学校预算分配,享乐主义,传统,某些预算可能被用于增加学生的娱乐活动或场所，以提升学生的学习乐趣（享乐主义），然而这可能与学校长期以来严谨学习、注重品德教育的传统理念（传统）产生冲突,近期，中学XYZ面临着一项重大决策：如何分配即将到来的预算。预算的主要作用是为了提高学生的学习环境和学校的整体水平。但是，有两个主要的观点必须进行取舍：一是将预算用于建设更先进的体育设施和更多的娱乐场所以提高学生的生活质量，二是将预算用于强化学术设施和教学资源以保障学术质量和传统价值观的传承。这个决策产生了学校办公室里的分歧。,李老师，李老师是学校的一名心理咨询老师，她十分关注学生的身心健康，也是学生活动组织的积极推动者。李老师认为，学校不仅仅是学习的地方，也应是学生快乐成长、获得全面发展的地方,建议学校应该使用部分预算来改善和增加学校体育设施和娱乐场所，以提高学生的学习乐趣和生活质量。认为这样可以使学生在学习压力中找到乐趣，使他们更有动力去学习，更愿意在学校度过他们的青春岁月。,王校长，王校长是学校的元老之一，他一直坚持学校对教学质量和传统教育理念的重视。他认为，学习是学生在学校最重要的事情，学校的主要职责是培养学生的学术能力和道德素质,主张应该把所有的预算都投入到学术设施和教学资源的改善和强化上。认为这样才能真正提高学生的学习质量，使他们在未来有更多的竞争力。同时，认为坚持学校的传统教育理念，尊重和挖掘学校的文化传统，是对历史和社会的负责。,李老师和王校长在学校工作多年，他们尽管理念有所冲突，但互相尊重，共同为学校的发展和学生的成长付出努力。,3,98
教育/培训/学校/校园,学校预算分配,刺激,安全,如果学校预算被用于引入新的、刺激的教学方法或课程（刺激），可能会引发对学生学习效果和心理健康（安全）的担忧，这时刺激和安全的价值观可能出现冲突,学校获得了一笔预算，需要在学校的教育改革会议上决定如何分配。有两种方案，一种是用于引入新的虚拟现实(VR)教学体系，以带来更刺激的教学环境；另一种是用于加强学校的安全设施，比如加强校园监控，设立心理咨询室等。这两种方案各有支持者，发生了激烈的争论。,杰克，一位富有创新精神的科技教师，认为通过新的教学方式可以激发学生的学习热情,主张将预算用于引入VR教学体系，认为这样不仅可以增加学生对学习的兴趣，还可以开拓他们的视野，提高学习效率。,琳达，一位关心学生健康成长的心理咨询老师。她认为学校的首要任务是确保学生的安全和稳定的学习环境,主张将预算用于增强学校的安全设施。觉得在保障学生心理健康，提供一个稳定的学习环境方面应该付出更多的投入。还表示，再好的教学方法也需要在良好的环境下得以实施。,杰克和琳达都是学校的管理层成员，对学校的发展都有着浓厚的兴趣，只是主张的方向不同。,3,99
教育/培训/学校/校园,新生入学指导,大同,权力,在新生入学指导的过程中，如果以大同的价值观去引导，可能会强调集体的利益和公平性，每个人都有平等的机会参与和贡献,本年度新生入学指导正在紧锣密鼓地准备中，目的是让新生们更快地了解校园生活，更好地融入学校。然而，在学校的新生导师选择上产生了分歧，一派主张选择平等公正的导师，让所有学生都有相同的学习机会；另一派则主张选择社会地位高，能为学生提供更多社会资源的导师。,玛丽，作为学校的教学指导员，始终坚持公平与公正，主张每个学生都应享有平等的教育资源,决定推荐那些平等公正的导师，这样每个学生都能得到平等的学习机会和公正的待遇。,约瑟夫，作为学校的行政负责人，他注重利用社会资源来提升学校的影响力和声望，所以他更倾向于选择那些有社会影响力和地位的导师,决定推荐那些社会地位高，能为学生提供更多社会资源的导师，以提高学校的声望和影响力。,伙伴,3,100
教育/培训/学校/校园,新生入学指导,成就,遵从,在新生入学指导过程中，如果以成就的价值观去指导，可能会鼓励学生进行竞争，以实现个人成功,新生入学指导阶段，学校需要根据教学理念为学生设计一套启迪思考的课程。这个课程将在新生的学习生涯初始阶段引导他们形成积极的学习态度和良好的价值观。教学理念的设计引发了教师团队中的不同意见，尤其是关于新生是否需要接受竞争和挑战的问题。,小明，志向积极、极具竞争力的教师。他认为竞争能激发学生的主动性和积极性,决定设计一套以竞赛为主要形式的课程，让学生在课程中不断实现个人的进步和胜利。,小华，注重道德修养和品格教育的教师。她认为新生阶段应着重培养遵从和尊重的价值观,希望设计一套以课堂讨论和团队合作为主要形式的课程，让学生理解和接受社会规则，提升团队合作的能力。,同事,3,101
教育/培训/学校/校园,新生入学指导,自我导向,传统,如果以自我导向的价值观去引导，可能会鼓励新生独立思考，寻找自己的道路,大学新生入学指导会议正在进行，如何制定新生导向策略成为会议的关键问题。主题主要围绕如何有针对性地帮助新生更好地适应大学环境和自主学习。这个问题对新生的大学生活和未来的发展有重大影响，但在如何在新生指导中平衡传统和创新之间，出现了两种不同的观点和选择。,张同学，她是一位大二学生，再过一年就要接手新生入学指导会，她主张创新以及跳出传统框架想问题,倾向于提倡新生更加独立思考，自由选择以及自我探索。希望能给新生更多的自由空间，可以自主选择学习的内容和方式，比如引导新生主动参与社团活动、自主完成学习项目等。,李导员，他是一位有多年辅导经验的教师，对传统的教育方式有深厚的了解和认同,坚信传统的新生入学指导方式可以让学生更好地适应大学生活，例如设定固定的学习计划，规定一些基本的行为准则等。提倡的是有序指导，给出一个比较结构化的大学生活引导方案。,李导员是张同学的辅导员，同时他们都是新生入学指导会议的参与者。,3,102
教育/培训/学校/校园,新生入学指导,享乐主义,安全,在新生入学指导过程中，以享乐主义的价值观去引导可能会鼓励新生享受大学生活，尝试新的事物,大学新生迎新周正在筹备中，学校任务队伍为新生们组织一系列活动，旨在让他们更好地融入大学生活、认识新的朋友，以及熟悉大学环境。决策的焦点在于是否应该为新生们安排一场晚上的狂欢派对。派对可能会让新生们更积极地参与到大学生活中，认识新朋友，展示自己的魅力，享受大学生活。然而，这也带来了一些安全方面的顾虑，比如可能会有学生饮酒过量，或者可能会有人在深夜走在无灯的校园道路上，存在安全风险。,Liam，新的学生活动策划团队的一员，他是个热情开朗的人，喜欢寻找新鲜事物，热衷于为新生们创造新奇有趣的体验,决定支持举办派对事件，相信派对将是新生们一个难忘的美好经历。想通过派对让新生们体验大学的多元化，鼓励他们放下束缚、自由表达自我，体验并享受大学生活。,Mia，学生活动策划团队的领导，她是个谨慎而有责任心的人，一直以来都非常强调保证学生活动的安全性,反对举办派对，担心不能有效地对可能出现的安全问题进行控制。认为在新生刚入学时，他们需要一个稳定而安全的环境，而不是无序的狂欢。,他们是共同处理新生入学活动策划的工作团队成员。,3,103
教育/培训/学校/校园,学生身体健康项目,大同,权力,在推行学生身体健康项目中，可能面临公平对所有学生（大同）与权力掌握在部分决策者手中选择优先提供给某些特定学生（权力）的冲突,学校近期想要推行一项全新的"身体健康项目"，目的是增强学生的身体素质，使得他们在学习中更有活力。然而，这个项目的预算有限，无法让所有的学生参与。学校需要决定是否所有学生公平参与，或者只提供给运动成绩出色的学生，以培养他们成为校园运动的佼佼者。,李明，学校体育老师。他积极推广体育运动，关心每一个学生的身体健康，认为每个学生都应该有平等运动的权利。他的价值观：大同。,主张所有学生都应公平参与身体健康项目。认为即使预算有限，也可以通过调整活动内容，让所有学生都能在活动中受益。,张华，学校行政管理人员。他主要关注学校的声望，认为提升学生体育成绩是提升学校形象的重要途径。他的价值观：权力。,认为学校应该把有限的资金投入到选拔和培养运动成绩出色的学生，以提高学校在运动会等各类比赛中的成绩，从而提升学校的声望。,同事,3,104
教育/培训/学校/校园,学生身体健康项目,安全,刺激,安全可能要求实施稳定且证实有效的健康方案，而刺激则可能会推动引入新颖但未经实证的健康活动，这两者可能在实施中产生冲突,学校正在决策学生身体健康项目的内容和形式，目的是提高学生的身体素质和健康意识。然而，对于细节的执行方式，新的有挑战性的健身项目还是经典的稳定的健身训练项目，校方存在分歧。,李华，学校健康教育部门的负责人，他非常重视学生的身体健康，非常注重安全，坚持用最安全、最实用的方式来提升学生的健康素质,决定实施稳定且证明有效的健康方案，例如定期的体检、做一些对身体有益而无副作用的运动比如跑步、乒乓球等。,张明，学校的体育老师，他希望通过创新的方式激发学生对健康的热情，他认为新的健身项目可以增加学生的体验感和参与度,提议引入新颖但未经实证的健康活动，如最近很流行的跨越训练、户外登山、深海潜水等，虽然这些活动有一定的风险，但也能够增加学生健身的兴趣。,同事,3,105
教育/培训/学校/校园,学生身体健康项目,慈善,成就,在推广学生健康项目时，可能面临追求个人成功（如提高自己的社会地位或职业生涯的成就）或是真心实意的关心和帮助学生（慈善）的冲突,与当地的一家健身俱乐部合作，学校计划开展一个学生身体健康项目。项目包括定期的体能训练、营养饮食建议以及健康知识讲座等。决策目的是帮助学生培养健康的生活方式，提高他们的身体素质。然而，开展这个项目需要投入大量的时间和资源，在合作方式以及项目内容上产生了分歧。,杰米，他是一名富有热情和爱心的体育老师。他对教学工作十分投入，并且对学生的健康问题十分关心。他愿意付出更多的时间和精力去帮助学生,建议学校主导这个项目，更多地侧重于学生的身心健康教育，而不是仅仅与健身俱乐部合作。愿意亲自制定训练计划，带领学生进行锻炼。,莎拉，她是学校的行政主管。她善于规划和组织活动，希望通过这个项目提高学校的声誉，吸引更多的学生,建议学校与健身俱乐部进行深度合作，由专业的训练师提供训练，并进行全程监督。期待这个项目能带来明显的效果，提升学校的社会形象。,同事,3,106
教育/培训/学校/校园,学生身体健康项目,传统,自我导向,推行身体健康项目时，可能存在倾向于遵循传统的运动项目（传统）和倾向于自我创新、发现新的可能性（自我导向）的冲突,学校正在决策将参加学生身体健康项目，项目的目的是在学生中推广健康的生活方式，提高体质，创造积极的校园环境。然而，项目的执行方式在学校校长和体育教师之间产生了分歧。,亚历山大校长，亚历山大校长是一位有深厚教育背景的学者，他对教育有自己的传统观念，他认为应该在学生们中重点推广传统的体育项目，如：跑步、篮球和足球等。这些运动的规则清晰，且经过长时间的实践验证，能够有效地提高学生的体质,决定按照传统的方式进行学生身体健康项目，推广常规的体育课程，并提倡每日必须完成规定的运动量。,贝拉体育教师，贝拉体育教师是一位具有创新精神的年轻人，他认为在推进学生的身体健康项目时，应该允许更多的创新和自由。他主张应该开设一些新的、有趣的运动项目，比如瑜伽、滑板乃至电子竞技，这些新颖的内容可以吸引学生们更多的参与，同时也能改善他们的身体健康,主张开设一些新的、有趣的运动项目，让学生们根据兴趣自由选择，从而提高学生对体育的兴趣，促使他们更多的参与到运动中来。,亚历山大校长与贝拉体育教师在学校中具有相似的地位，他们都希望通过他们的决策帮助学生提高身体健康。但是，他们因为各自的价值观和推行学生身体健康项目的方式不同而发生了分歧。,3,107
教育/培训/学校/校园,学生身体健康项目,享乐主义,遵从,在实施过程中，可能存在强调个人的快乐或感官上的满足（享乐主义）与根据既定的规则和期望行事（遵从）的冲突,健康学院计划推出一项新的身体健康项目――每日早晨6点起床参加锻炼，以提高学生的体质和投入学习的精力。然而，这个决策引发了校园内部的一些分歧，一些人认为这会帮助学生养成良好的生活习惯和提高他们的健康水平，另一些人则认为这给学生的自由将会受到限制，尤其是那些习惯晚睡晚起，追求个人享乐的学生。,Tom，他是健康学院的一名学生，他身体健康，习惯晚睡晚起，喜欢在夜晚与朋友欢聚，享受生活,反对新的决策，认为每个人都应该有权选择自己的生活方式，早起锻炼可能会限制他们夜晚的乐趣和享受。,Linda，她是健康学院的一名教师，她严谨，注重规则和纪律，认为早起锻炼是一个很好的习惯，可以帮助学生更好的投入学习,赞同新的决策，认为严格遵守这样的生活规则会有利于学生的身心健康和学习效率。,师生,3,108
教育/培训/学校/校园,学生交换项目决定,自我导向,遵从,参与学生交换项目需要走出舒适区，选择行动并独立解决遇到的问题，这强调了自我导向的价值观,一所国际化的高中正在为下学期的海外学生交换项目招募志愿者。这项项目的目标是帮助学生开阔视野、增加跨文化的理解和交流，但需要学生离开家乡，融入新的学习和生活环境。这个决定引发了学生和他们的家长之间的分歧。,艾米，一个乐观、独立、求知欲强的高二学生。她喜欢接受新的挑战，对未知的世界充满好奇,认为参加交换项目是提升自己的重要机会，愿意接受未知的挑战，主动融入新环境，获取知识和经验，因此她决定报名参加这个项目。,艾米的母亲苏珊，一个遵循传统、稳定且注重家庭的人。她希望艾米能遵从社会期望，服从父母的安排，注重学习稳定性,担心这个交换项目会对艾米的学习和生活带来不稳定，打乱艾米的学习计划。认为艾米应该遵守学校的正常学习进程，不应轻易改变，因此反对艾米参加这个项目。,母女,3,109
教育/培训/学校/校园,学生交换项目决定,刺激,安全,学生交换项目通常意味着一种全新的、充满挑战和变化的生活方式，这符合刺激的价值观,高中毕业后的暑假，学校推出了一次海外学生交换项目的机会。该项目将选派一些优秀的学生前往美国的姐妹学校进行为期一个学期的学习生活。项目的目的是让学生开阔视野，提升独立处理问题的能力。然而，参与这一项目也意味着要离开熟悉的环境，对于一些家庭和学生来说，可能需要面临一些分歧和困难。,杰克。杰克是一个好奇、充满冒险精神的学生，他总是充满活力且对新事物充满好奇。他一直期待着能在校园生活中得到不同的体验,参加这次的学生交换项目，认为这将为自己带来许多全新的体验和挑战，而这些正是自己所期待和追求的。,杰克的母亲，琳达。琳达是一个典型的中国式家长，对孩子的学习和生活有着极高的要求和期待，同时，她非常关心杰克的安全,希望杰克能在本校继续学习，因为这样能保证他的安全并且也能使他专注于学习。,母子,3,110
教育/培训/学校/校园,学生交换项目决定,慈善,权力,学生可能想选择一些能为当地社区做贡献的项目，这体现了慈善的价值观,本学期末，学校正准备进行一次学生交换项目，项目的目标国家为非洲的一些欠发达国家。学校计划派出一些学生前去参与当地的教育、医疗等公益活动，同时也会接收目标国家的一些学生来我校进行短期学习。此项目旨在提升学校的国际化程度、增进我校与目标国家学生的交流，并培养学生的国际视野和公益精神。然而在具体的学生选拔过程中出现了分歧，部分人认为应该选拔那些在学术或其他领域有特殊贡献的优秀学生，而另部分人则认为应该选派那些热衷于公益并具有相关经验的学生。,李梓萱，她是学校的学生会主席，同时也是公益社团的负责人，一直以来，她都积极参与和组织各类公益活动，极具公益精神。她认为学生交换项目的主要目的是帮助目标国家，因此应该选拔那些有强烈公益心并具有相关经验的同学,认为应该通过公益志愿者的历史记录、面试等方式来选拔出真正有心做公益的学生参与这次交换项目。,张伟，他是学校的学术委员长，一直致力于提升学校的学术成果和声誉。他认为学校的交换项目应该以提升学校的学术声誉和影响力为主，因此选拔的学生应该是那些在学术或其他领域有特殊贡献的优秀学生,认为应该通过学业成绩、竞赛成绩等客观数据以及教师推荐信等方式来选拔优秀学生参加这次交换项目。,同学,3,111
教育/培训/学校/校园,学生交换项目决定,享乐主义,成就,学生可能希望参与那些能让他们享受生活、体验不同文化的项目，体现了享乐主义的价值观,在国际经济与贸易专业的明达大学中，学生交换项目决定的问题已经引起了一波波的热议。明达大学一直致力于推行国际化学习计划，希望学生能够通过交换学生项目，拓宽视野，提升自我，锻炼自己的适应能力。然而，这次的交换学生项目是在巴黎，针对的则是经济与贸易专业的学生们，旨在让学生们可以学习到更多的国际贸易知识和法国文化。,丽莎，丽莎是一个活泼开朗的女孩，对国外的生活和新事物充满了兴趣和好奇。她总是寻求新鲜的体验和感官刺激,认为巴黎是一个既浪漫又现代的城市，可以让自己在享受到不同的生活方式的同时，也能学习到新的知识和技能，因此决定参与这次的交换学生项目。,杰克，杰克是个成绩优秀的学生，他一直抱有高度的职业规划和自我期待，渴望能在学术领域有所作为,认为尽管巴黎是一个具有浓厚历史文化底蕴的城市，但对于个人的专业成长和发展来说，不能提供足够重要的机会。希望可以参与一个更具有挑战性和学术深度的交换项目，因此反对这次的交换学生决策。,同学,3,112
教育/培训/学校/校园,学生学术研讨会主题,权力,大同,在学术研讨会主题的选择中，如果某些学生追求权力，希望通过选择有利于自己声望的主题来提高社会地位和声望，这可能与大同的价值观冲突,学校每年都会举办一次学生学术研讨会，主题由研讨会的组织小组学生们共同决定。今年，组织小组成员在主题选择上产生了分歧，一方希望选择能够引起社会关注度的主题，另一方则希望研讨会的主题能够对社会有所贡献，这导致了决策过程中的矛盾。,李明，组织小组的组长，一直以来都被大家公认为学生会的未来接班人。他是一个有野心和抱负的人，他希望通过这次学术研讨会提高自己在学校的地位和影响力,认为研讨会的主题应该选择涉及最新科技发展的主题，如AI、大数据等热门方向，这样能够吸引更多的媒体关注和社会影响力，甚至可能将学校推向更广阔的舞台。,王小云，李明的朋友，和他一同在组织小组任职。她是一个对于公平公正和环保问题有深入理解的人，对当前社会的不公现象具有敏锐的洞察力。她希望通过自己的努力能对社会做出一些改变,认为研讨会的主题应该扣人心弦，对社会具有深远影响的问题，比如，关于环保的主题，用科学的方式来讲述环保与我们生活的紧密关联，以此来唤起大家的环保意识。,朋友,3,113
教育/培训/学校/校园,学生学术研讨会主题,成就,遵从,在研讨会主题的选择上，追求成就的学生可能会选择前沿、有挑战性的主题来突出自己，显示自己的能力和成功,一所大学即将举行一个学术研讨会，这是一个对学生们来说展示和学习新知识、提升学术水平的好机会。作为这次研讨会的组织者，需要决定这次研讨会的主题。一些学生期望选择具有挑战性和创新性的前沿科技主题，以展现学生们的学术思维和能力；而一些学生则期望选择符合学生大众需求、容易理解和参与的社会热点主题，以吸引更多的学生参与和学习。这个决策将影响研讨会的质量和学生们的参与度。,张强，是研讨会组织者之一，他是大三的学生，他总是追求自我突破和挑战，以证明他的能力和影响力，他希望通过这次研讨会让更多的人看到他的成就,决定选择“人工智能在未来社会的影响与挑战”作为研讨会的主题，认为这个主题既前沿又具有挑战性，对自己而言，这是一个展现自己能力和成就的好机会。,李华，也是研讨会的组织者，她是大二的学生，她总是尊重他人的意愿，她认为研讨会的目的是为了让更多的学生参与和学习，所以主题应该选择大多数学生都感兴趣且易于理解的,决定选择“社会热点问题的深入讨论：例如近期的环保问题”作为研讨会的主题，这个主题既符合大众的需求，又能更好地吸引学生的关注，认为这样才能让更多的学生参与到研讨会中。,张强和李华都是研讨会的组织者，他们需要共同决定研讨会的主题。,3,114
教育/培训/学校/校园,学生学术研讨会主题,自我导向,传统,自我导向的学生可能会以自我为中心，选择极具创新性的主题，而这可能与宗教或文化的传统观念冲突,在阳光大学，即将举行一场学生学术研讨会，这场会议的主题由举办该会议的学生自行选择。这场会议旨在提升学生的学术研究和公共演讲的能力，但是，选题的问题引发了热烈的讨论和分歧。,小明，是个有着丰富想象力和创新精神的学生，他总是追求新鲜事物，喜欢从新的角度去看待问题。他是这场会议的协调人之一，他的价值观偏向于自我导向。,认为会议主题应当是尖端科技如人工智能、虚拟现实等。认为这些新鲜、创新的主题更能激发学生们的学习热情。,小红，是个注重传统，尊重历史的学生，她认为学术建立在传统的基础之上，不能忽视传统。她也是这场会议的协调人之一，她的价值观偏向于传统。,主张会议主题应当是研究历史、文化、哲学等传统学科。认为这样才能更好地学习和传承人类的智慧和文明。,他们都是学术研讨会的组织者，互相尊重，但对于会议的主题有着不同的看法。,3,115
教育/培训/学校/校园,学生学术研讨会主题,刺激,安全,追求刺激的学生可能会选择冒险、新奇，甚至具有争议性的研讨会主题，希望通过挑战来获取激动人心的体验,"年底即将到来，州立大学的学生学术研讨会即将举行。学术研讨会的主题由学生们共同决定,此次研讨会目的在于展示学生们本学年的学术成果，并且提高他们的创新思维和团队协作能力。然而，在确定研讨会的主题上，学生们产生了分歧。",阿丽莎，乐于挑战的大三学生。阿丽莎一直赞成尝试新的事物，乐于挑战自我，她富有创造性，且充满好奇心,建议的研讨会主题是“人工智能的伦理问题”，认为此主题具有挑战性和新颖性，可以激发学生们的创新思维。,贝南特，习惯稳健行事的学生会主席。贝南特总是尽力维持和平，稳定，他重视社区和谐和学院的声誉,觉得“人工智能的伦理问题”这个主题过于激进和有争议，可能会引发不必要的麻烦，更倾向于选择如“环境保护”的传统且稳定的主题。,同学,3,116
教育/培训/学校/校园,学生学术研讨会主题,享乐主义,慈善,追求享乐主义的学生可能会选择能够让自己快乐、感到满足的主题，这可能与慈善的价值观相冲突,学院决定举办一场学生学术研讨会，此次研讨会的目标是提高学生的学术能力和批判思考能力。然而，当选题上发生了分歧，一部分人希望选取一些轻松、有趣的主题，另一部分人则希望选取一些能够服务社会、有实际意义的主题。,Tom，一位乐观开朗、追求快乐的大二学生。他认为学习应该快乐，喜欢参加各种各样的社团活动，对待学习有自己独到的理解,提议主题应该轻松有趣，可以让参与的学生在学术研讨的同时，也能享受到乐趣，例如“游戏设计中的数学应用”。,Lucy，一位严谨的大二学生，非常善良和有爱心。她积极参与各种社区服务活动，认为个人的行为应该对社会有所贡献,建议主题应该关于社会问题，或者是能对社会有所帮助的科学问题，例如“环保科技在缓解全球暖化问题中的作用”。,同学,3,117
教育/培训/学校/校园,校园艺术活动策划。,成就,大同,在策划校园艺术活动时，若过于追求个人成就，例如追求活动规模的大、参与者的多、反响的热烈，可能会忽视活动的公平性和普遍性，导致某些群体或个体无法参与或得到应有的关注，从而违背了大同的价值观,校园里即将举办一场大型艺术活动，该活动的目的是展示学生们的艺术才能，并激发他们的艺术激情。活动策划人员面临着如何安排活动内容和参与人员的决策。一方面，他们想让活动能够吸引全校师生的关注，取得空前的成功。另一方面，他们也希望活动能体现公平性，让所有希望展示才能的学生都有机会参与。,名为Lucas，是校园艺术活动策划组的负责人，他对活动策划充满热情，且有着丰富的组织和策划经验。他善于把握大局，注重活动的影响力和取得的成就,为了使活动达到最大的影响力，决定举办一场大规模的艺术盛宴，邀请知名的艺术家和才艺突出的学生参与表演，同时通过大量的宣传活动，吸引了全校师生的目光。,名为Alice，也是艺术活动策划组的成员，她对艺术和公平机会有着深刻的理解和热爱。她始终坚信，每个人都应该有机会展示自己的才能，无论他的才艺是否已经被大多数人认可,提议除了邀请知名艺术家和才艺突出的学生表演外，还应该开放舞台给所有希望展示自己才艺的学生，让他们有公平的机会参与到这场艺术活动中来。,同事,3,118
教育/培训/学校/校园,校园艺术活动策划。,刺激,安全,在策划校园艺术活动时，如果过于追求刺激和新奇，例如过于激进的活动主题、边缘化的艺术形式，可能会对参与者的安全和活动的稳定性构成威胁，产生安全隐患,校园正在策划一次艺术节活动，目的是丰富同学们的课余生活，提升学校的文化氛围。然而在策划过程中，关于活动的主题和形式，策划团队出现了分歧。,小陈，他是策划团队中的一员，经常富有创新思维，喜欢尝试新鲜事物，他的生活充满了激情和活力,主张应该尝试一些前卫、新奇的主题和形式，比如融合现代元素的表演，或者引入一些互动环节，让活动更有趣味性和话题性。,小李，他是策划团队的负责人，他在组织活动方面有丰富的经验，注重活动的安全和稳定性，是个稳健的人,认为尽管新奇的主题和形式能吸引人，但是要考虑到实际的操作性和可能的风险，建议保持传统的艺术节形式，确保活动的顺利进行和同学们的安全。,同事,3,119
教育/培训/学校/校园,校园艺术活动策划。,自我导向,遵从,在策划校园艺术活动时，策划者可能希望通过活动展示自我独立思考与创新的能力，但是同时，学校和老师可能期望活动能够遵从学校文化和规章制度，这就可能造成冲突,本校即将举行一次校园艺术节，活动的策划工作落在了艺术节策划小组中的两名同学――艾米和彼得的身上。艾米决定投入自己的独特想法，希望能通过这次艺术节展现出自我独立的思考和创新的能力。而彼得认为应该遵从学校已有的文化和规章制度，以保证活动的顺利进行。两人因此产生了分歧。,艾米，是一个富有创造性和独立性的同学，总是喜欢探索新的事物和想法，富有冒险精神，她的头脑里总是充满了创新的想法,决定在活动中引入一些新的元素，比如表演形式的创新，或者是邀请校外的艺术团队来进行交流演出。,彼得，是一个十分尊重和遵守规矩的同学，他认为学校的活动应该遵守学校的文化传统和规章制度，他更倾向于稳健和保守的策划方式,坚持在活动规划中严格遵守学校规定，不引入校外成分，坚持以学生自己的表演为主，以此保持学校文化的连续性。,同学,3,120
教育/培训/学校/校园,校园艺术活动策划。,享乐主义,大同,在策划校园艺术活动时，策划者可能会以追求参与者的乐趣和感官满足为首要目标，但如果过度追求享乐，可能会忽视到活动的社会影响和个体责任，例如可能会产生噪音污染、浪费资源等问题,为了丰富大学生活，提高学生的综合素质和艺术素养，大学决定举办一场规模盛大的艺术节。其中，音乐演唱会是重头戏，拟邀请国内外知名乐团表演。然而，在策划过程中出现了分歧，一些人主张以追求学生的乐趣为主，想要制造一个让学生尽情享受的夜晚，而另一些人则认为，活动应该以传播艺术、提高学生素养为主，同时需要考虑到社会的影响和资源利用的合理性。,张鹏，是一位充满活力和创意的活动策划者。他很注重活动的娱乐效果，常常追求创新和刺激，使活动变得独特且令人难忘,主张应该邀请当红热门的乐团来表演，举办一场热闹的音乐派对，通过丰富的灯光效果、刺激的音乐表演，让学生们充分感受音乐的魅力，享受到一个不平凡的夜晚。,李婷，是一位严谨认真的艺术教师。她坚守艺术的教育价值，关注活动的社会影响，希望通过艺术节向学生传递艺术的独特魅力和深远意义,认为应该邀请有深厚艺术实力的乐团，通过他们的专业表演和讲解，使学生们感受到艺术的深度和广度；同时，也提出需要合理安排场地，减少噪音污染，且应当节约使用资源，避免浪费。,他们都是艺术节策划小组的成员。,3,121
教育/培训/学校/校园,学术研究方向决定,成就,大同,在学术研究方向决定时，有些人可能将个人成就和社会声望视为首要目标，追求在学术领域具有影响力的研究方向，希望通过自己的努力获得成就感,在一所知名大学的生物系中，正在进行一个有关遗传学研究的课题选择，该课题的研究成果有可能对人类的基因治疗有重大突破。但是这个研究也存在一定的风险，可能带来一系列的伦理问题。大家对这个课题选择产生了分歧。,杰克，勤奋进取，对科研有着极高的热情。他一直追求在学术领域取得重大成果，成为领域内的先驱和领导者,决定支持研究这个课题。认为这是一个难得的机会，可以通过这个课题的研究，建立自己的学术地位，并对科学领域做出重大贡献。,艾米，热爱生物学，对人类与大自然的和谐发展有着深厚的关心,反对进一步研究这个课题。认为这个课题可能会带来众多的伦理问题，可能会对人类社会和自然环境产生不利影响。倾向于选择一些更加和谐、更能提升人类福祉的研究课题。,同事,3,122
教育/培训/学校/校园,学术研究方向决定,自我导向,遵从,在确定学术研究方向时，自我导向的价值观主张个人选择、创新和探索，而遵从的价值观则强调对行为、喜好进行限制，以免违反社会期望,在芝加哥大学，一所以严谨的学术氛围和教学质量著名的学校，将进行新一轮的研究项目分配。目标是让研究生们获得更多的实践机会，提高他们的实际操作能力以及研究能力。然而，当项目列表公布后，研究生们面临的问题是，他们将如何选择自己的研究方向，是选择自己真正感兴趣的，可能并不太符合主流价值观的课题；还是选择那些看起来更有前途，更容易获得学院的认可，但可能并没有太多个人兴趣的课题。,Robert，他是一个勇于追求自我，喜欢挑战新事物的研究生。他的价值观是自我导向。,认为一个人应该按照自己的兴趣和爱好来选择研究方向，因此，选择了比较冷门，但是自己极其感兴趣的“中世纪欧洲魔法文化研究”。,Alice，她是一个注重规则，尊重传统，永远按照学院的要求去做事的研究生。她的价值观是遵从。,认为一个人的研究方向应该符合学院的期望，注重实用性，因此，选择了“量子力学在未来科技中的应用”。,同学,1,123
教育/培训/学校/校园,学术研究方向决定,刺激,安全,在选择学术研究方向时，追求刺激的人可能会选择那些新奇、具有挑战性的研究主题，而追求安全的人可能更倾向于稳定、有保障的研究主题,在某知名大学的生物科学研究院，研究生Tom和Alice正在决定他们的学术研究方向。他们的导师希望他们能够共同进行一个项目，但项目的具体方向需要他们共同商定。这个决定将影响他们接下来几年的研究生生涯，带来了两者的分歧。,Tom，他是生物科学的研究生，特别的好奇和充满探索精神，喜欢挑战未知，对新兴的科研领域充满兴趣,选择基因编辑技术这个新兴领域作为他们的研究方向，尽管这个领域充满了挑战和风险，但认为这是自己能够发挥自己能力和创造性的地方。,Alice，她也是生物科学的研究生，但在性格上与Tom完全不同。她更偏向于安全和稳定，对常规的科研工作有着深厚的兴趣,认为应该选择研究生物表型这种更为稳定和成熟的研究方向，虽然这个领域没有那么新颖，但是已经有很多成熟的研究方法和技术，不容易出现大的问题和风险。,伙伴,3,124
教育/培训/学校/校园,教授/教师招聘,权力,大同,在教授/教师招聘的场景中，可能出现的一种冲突是，学校可能希望招聘在学界有一定影响力和声望的教师以提升学校的声誉，这体现了权力的价值观；但同时，如果这些教师过于注重个人影响力的提升而忽视为所有学生的福利考虑，可能会与大同的价值观发生冲突,为了提高名气并吸引更多优质学生，普利茅斯大学决定招聘一位知名教授来担任数学系主任。此决策引发了学校内部关于招聘标准和候选人资质的分歧。,约瑟夫・施密特，他是普利茅斯大学的校长，一直致力于提升学校的社会地位和声誉,决定招聘知名教授艾伦・汤普森，艾伦在学术界有很大影响力，认为他的加入将极大地提升学校的声誉。,琳达・莫里斯，她是数学系的系主任，是个非常尊重学生和教师的人，她总是为了所有人的福利而努力着,认为应该招聘那些愿意为了学生福利和教育公平付出努力的教授，而非仅仅因为他们的社会声望。提出应招聘大学内部的一位受学生喜欢的老师，约翰・道尔，他虽然在学术界的知名度不如艾伦・汤普森，但他对教育的热情和对学生的关心是无人能出其右的。,同事,3,125
教育/培训/学校/校园,教授/教师招聘,成就,慈善,在这个场景中，一名教师可能会努力追求个人职业成功，如追求发表高质量的学术文章或者获得高级职称，这体现了成就的价值观,一所知名大学的数学系正在进行新一轮的教师招聘。作为一所拥有世界顶级数学系的大学，他们希望能够吸引更多优秀的教授来该校任教，从而提升学校的知名度和社会影响力。然而，在招聘会议上，有关招聘对象的教师特质的讨论引发了分歧。一方面，有些人认为应该优先考虑那些有着丰富学术成果，可以在专业领域带来突破的教师。另一方面，也有人主张考虑那些关心学生、愿意为学生付出的慈善教师。,马丁，数学系主任，拥有丰富的学术积累，享有较高的学术地位，追求个人成功和社会影响力,决定优先考虑那些在学术上有突出成就的教师，以提升学校在学术领域的地位和影响力。,李娜，教务处处长，始终关心学生的成长，将学生的需求放在首位，期待能有更多像家长一样的老师入职。她将教育看成是更多的付出和关爱，而非单纯的职业,坚持认为学校应该招聘那些在教学和师德方面有着出色表现的教师，以维护学生的权益和提升教学质量。,同事,3,126
教育/培训/学校/校园,教授/教师招聘,传统,刺激,在教育环境中，教师可能会坚持传统的教学方法，尊重和持守教育传统，这体现了传统的价值观；但另一方面，学生可能期望教师能提供新奇和刺激的教学方式以激发他们的学习兴趣，这体现了刺激的价值观，两者可能存在冲突,一所知名大学正在进行教师招聘。其背景是，由于近期课程体系的扩展，学校需要招聘一批新的教师，既要满足学校对教学质量和教育理念的要求，同时又要满足学生对刺激和新奇的学习经验的需求。决策的目的是选出最适合的候选人，但在选择教师的标准上，有些看重传统教学理念和方法的人和看重创新和新奇的人之间存在分歧。,李教授，一位经验丰富且充满智慧的教育学教授，现任大学教师招聘委员会主席,认为应该优先考虑那些有丰富的教学经验、扎实的学术背景以及对传统教学理念和方法的坚持的候选人。相信这些传统的价值观和教学方法可以保证学生的学习质量，也会使大学持续保持其教学声誉。,张校长，一位富有创新精神和活力的年轻校长，始终注重提高学生的学习体验和学习兴趣,希望招聘的新教师能够带来刺激和新奇的教学方法和理念，以激发学生的学习兴趣和潜力。提倡教师应该富有创新精神，敢于尝试新的教学方式，如翻转教室、在线教学等。,大学教师招聘委员会主席和大学校长，他们都是在做出招聘决策中的主要决策者，有着合作并带有冲突的复杂关系。,3,127
教育/培训/学校/校园,教授/教师招聘,享乐主义,自我导向,在校园中，教师可能会追求教学中的乐趣和满足感，这体现了享乐主义价值观；但同时，他们也需要保持独立思考，探索并选择自己的教学目标和方法，这体现了自我导向的价值观,大滨市第一中学即将开始新学年的教师招聘，招聘目标是找到一位新的数学老师。由于这个职位的重要性，校长和教导主任的意见出现了分歧。,校长，叫做李汉华，他是一个非常注重教学环境和气氛的人，他相信快乐的教学环境可以激发学生们的学习兴趣和积极性。他追求的是一种愉快的教学体验，对他而言，教学不仅是一种职业，更是一种乐趣。他的价值观是享乐主义。,希望招聘到的教师是那种能够活跃课堂气氛，让学生在愉快的气氛中学习的人。,教导主任，叫做苏明，他是一位非常有原则的人，倾向于招聘拥有自我独立思考和教学创新能力的老师。他坚信教育的真谛是培养学生独立思考和解决问题的能力，而不仅仅是传授知识。他的价值观是自我导向。,更倾向于招聘那种能够自我探索，提出新的教学理念和方法的老师。,同事,3,128
教育/培训/学校/校园,学生招生策略,权力,慈善,在学生招生策略中，学校可能在追求声望和地位（权力价值观）的同时，需要关注甄选进入学校的学生是否有需要帮助的个体（慈善价值观）,公立大学"阳光大学"面临着一个关于学生招生策略的决策。阳光大学一直是社区中的一颗耀眼的明星，以其优质的教学质量和杰出的毕业生而受到赞誉。然而，近年来，其学生招生数目出现下滑。为改变这一状况，学校需要制定一个新的招生策略。一方面，学校希望通过吸引优秀学生来提升其社会地位和声望；另一方面，学校也希望扶持那些条件困难但有潜力的学生，给他们提供更好的教育机会。这两个目标使得学校面临决策分歧。,杨总，阳光大学招生办公室的主任。负责制定和执行学生招生策略。杨总是个实际的人，他相信“优胜劣汰”是社会的基本规则,认为学校应当重点招收高分学生，以此提升学校的整体学术水平和声望，吸引更多的社会资源和关注。,李教授，阳光大学的资深教授，同时也是阳光大学的理事会成员。李教授热爱教育事业，他认为每一个有潜力的孩子都应该得到公平的教育机会,主张学校应该在招生中考虑社会责任，扶持那些条件困难但有上进心的学生，提供全额或半额的奖学金，使他们有机会接受优质教育。,伙伴,3,129
教育/培训/学校/校园,学生招生策略,成就,遵从,在学生招生策略中，学校可能会强调成绩优秀、有成就感的学生（成就价值观），然而这可能与期望学生遵从规则和尊重校园文化（遵从价值观）的原则产生冲突,新学年即将开始，中央艺术学院在制定新的学生招生策略。本年度，学院有意引入一批优秀的新生，以提高学院的整体学术水平和知名度。然而，学院的教师和管理层对于新生的标准有一定的分歧。一部分人认为应优先考虑学生的成就和学术表现，而另一部分人则认为应更重视学生的道德品质和对学院规章制度的遵从。,李教授。李教授是学院的资深教授，长期从事艺术教育，注重学生的实际能力和成就，希望学院能吸引到更多具有成就感和抱负的学生,建议学院在招生时，更加注重学生的艺术成就和学术表现，将个人的艺术观和创新能力作为录取的重要标准，同时适当降低对学生道德品质和规章制度遵从性的要求。,王校长。王校长是学院的校长，致力于艺术教育事业，强调学生整体素质的提升，认为道德品质和对规章制度的遵从是学生成长的基础,希望学院在招生时，不仅要看重学生的艺术成果，更要注重学生作为人的品质，包括诚实守信、尊重他人等道德品质，以及对学院规章制度的遵从。,李教授和王校长都是中央艺术学院的重要成员，他们的观点和决策将直接影响学院的招生策略。,3,130
教育/培训/学校/校园,学生招生策略,刺激,安全,在学生招生策略中，学校可能会鼓励学生追求新奇和挑战（刺激价值观），但也需要保证学生的安全和学校环境的和谐稳定（安全价值观）,国光大学是一所有悠久历史的知名学府，近年来为了招揽更多优秀的国际学生，更多地在国际化教育上发展，学校决策进行一次大胆的招生策略-在招生时，放松学生的语言成绩要求，并提供更多奖学金来吸引海外学生。但是，这个决策引发了一场激烈的讨论，担心这种策略会引来众多不能适应学习环境的学生，影响学校安全和稳定。,杰克，作为国光大学的招生部门主任，他乐于寻求新鲜的事物和接受挑战，从事教育行业很多年，始终追求革新和创造更多可能性,.,苏珊，作为学校教务处的主任，她总是谨慎行事，关注学生的安全和学习愉快，以及学校的稳定发展,反对这个招生策略，担心这可能会带来过于复杂的管理问题，多元化的学生群体使得教学工作更加困难，也可能由于语言问题影响到部分学生的安全和学习。,伙伴,3,131
教育/培训/学校/校园,学生招生策略,自我导向,大同,在学生招生策略中，学校可能会注重学生的独立思考与创新能力（自我导向价值观），然而这可能与推动学生关心社会、理解和欣赏他人（大同价值观）的目标产生冲突,某大学正在制定新的招生策略，这所大学一直以来都是高度重视学生的独立思考和创新能力，新的招生策略中，校方想要将这一点更进一步强化，要求申请的学生必须有显著的独立思考和解决问题的能力。但是，这一决策引发了一些分歧，一些人认为这可能会导致学生过分注重个人发展而忽视铺垫社会责任感的培养。,教学部负责人，玛丽，一位对教育问题有深入理解的女性，她强烈认可学生独立思考和创新能力的重要性,提出在面试环节增加更多关于个人思考和解决问题能力的考核，认为只有这样才能选拔出真正具有独立思考和创新能力的学生，为社会培养出更多的领军人物。,学生处处长，约瑟夫，他在大学工作了20年，始终坚持认为大学生应该具备一个对社会有责任感的心态,认为在选拔学生的过程中，除了考察学生的独立思考和创新能力外，还应该考虑他们的社会责任感。提议在申请表中增加关于社会责任的问题，让学生在面试中分享一次他们为社会做出贡献的经历。,同事,2,132
教育/培训/学校/校园,学生评估标准,成就,大同,在学生评估的标准中，有时候过分强调个人的成就，要求学生达到一定的分数或社会标准，可能会忽视对大同价值观的尊重，比如公平、公正和对所有人的包容,乔治城大学一直以其严格的学术评估制度以及毕业生高就业率著称，这背后的评估标准主要是以个人的学业成绩和活动参与度为主。最近，学校打算修改其评估标准，更加注重学生的全面发展，这在教师和学生中引起了广泛的讨论。,艾伦。艾伦是一名资深的学术导师，他一直坚信只有高标准的评估制度才能激发学生的潜力，培养出有竞争力的顶尖人才,"反对修改评估标准,认为这会降低乔治城大学的学术水平，影响其在社会中的竞争力。希望学校能维持现有的严格评估制度，并将其视作是评价学生能力的最重要标准。",艾米。艾米是一名关注学生个体发展的教育心理学教师，她认为全面的教育不应仅仅关注学业成绩，而应尊重每个学生的不同需求，帮助他们发现和发展自己的潜力,支持修改评估标准，主张引入更多的评估元素，比如团队合作、创新思维、社会责任感等，以此来培养更全面的人才，同时也使得每个学生都有被充分认识和尊重的机会。,同事,3,133
教育/培训/学校/校园,学生评估标准,自我导向,传统,在教育体系中，传统的教学方式可能抑制了学生的创新性和独立思考的能力，这与自我导向的价值观产生冲突,艾尔文高中即将举行学年期末考试，学校的教学部主管需要制定一个新的学生评估标准。新的评估标准的目的是确保每个学生的才能得到充分的发展和激励，但在评估标准的制定中出现了分歧。,Rita，艾尔文高中的一位富有创新精神的英语老师，她认可并倡导学生积极主动的学习方式。她坚信应该给予学生更多的空间去探索，去创新，去发挥自我,提出评估标准应该以学生的自我探索和创新能力为主，例如，通过开展不同主题的项目，集中考查学生们的独立思考、批判性思维和解决实际问题的能力。,George，艾尔文高中的数学老师，他是一位坚守传统的教师，认为传统的教育方法和评估方式对于培养学生的基础知识和紧密的学科联系有着不可替代的作用,认为评估标准应该以考试成绩为主，考试的题目主要来源于教科书和课堂教学，以此来考核学生们对于基础知识的掌握以及他们的记忆力和理解力。,同事,3,134
教育/培训/学校/校园,学生评估标准,刺激,安全,在学术追求中，学生可能会寻求新的、挑战性的知识和经验，这可能与对安全和稳定的需求产生冲突，例如在实验环境中追求新的尝试可能带来安全风险,内蒙古高中的新校长，决定对学生评估标准进行改革，目的是更好地激发学生的主动性和创新性，培养他们全面发展的能力。但这个决定在校园内部引发了激烈的分歧，一部分人担心改革的过程中，可能会对学生的安全和稳定带来不确定的挑战。,李志勇，他是一位物理老师，个人非常喜欢探索新事物，富有冒险精神，他非常支持这次学生评估标准的改革,建议在学生评估标准中加入更多挑战性的项目，比如创新实验、独立研究等，以激发学生的主动性和创新性。,孙老师，他是一位数学老师，非常看重规则和安全，对于新的教育改革，他持谨慎的态度。他担心新的评估标准可能对学生的安全和稳定带来不确定的影响,认为应该保持现有的评估标准，这样可以保证学生的学习稳定和安全，不会因为过度追求挑战和创新导致学生受到伤害。,同事,3,135
教育/培训/学校/校园,学生评估标准,享乐主义,慈善,在学校环境中，学生可能过于追求个人的快乐和满足，忽视了对他人的关心和帮助，这与慈善的价值观产生冲突,这是一个高中的教学现场，部分科目将采取小组合作形式进行学习。学校教务部门需要制定相应的学生评估标准，旨在通过评估，鼓励学生的积极参与和团队精神，同时也要考量他们的个人发展和舒适度。然而，评估标准的制定产生了分歧：一部分人认为应该主要考察学生的个人发展和舒适度，而另一部分人则认为应该更多地鼓励他们的团队协作和对他人的帮助。,Mike，Mike是一名热爱音乐的发言人，他享受在放学后的时间里为他的乐队创作歌曲，他相信学习是为了个人的快乐和成长，而不仅仅是为了得高分或帮助他人,制定出的评估标准主要基于学生的个人发展和满足度，认为每个人都应该有权利在学习中追求个人的快乐和满足。,Sophie，Sophie是学生会的负责人，她热衷于组织活动，帮助他人，她认为学习不仅是为了个人的发展，也应该注重集体和他人的需要,提出的评估标准更强调学生的团队合作能力和对他人的帮助，认为这样才能提升学生的集体精神和社会责任感。,Mike和Sophie是学校学生会的成员，他们共同负责组织学校的一些活动。,3,136
教育/培训/学校/校园,学术道德政策,自我导向,遵从,在学术道德政策的决策场景中，个人可能渴望自我导向，追求独立思考、自我探索，选择自己的学习和研究方式，这可能与遵从的价值观产生冲突，因为遵从要求遵守现有的规章制度，对行为进行规范,一所大学正在讨论是否引入一项新的学术道德政策，这项政策意味着所有的研究项目都需要通过严格的道德规范审查，以确保所有的学术活动均符合道德规范。这家大学希望通过制定这项政策来防止学术不端行为的发生，然而，这项政策的引入也引发了一些争议，一些人担心这可能会限制学者的独立思考和创新。,Dr.Smith是一名具有开创性思维的科研教师，他强烈主张自由的学术环境和独立的研究,反对引入这项新的学术道德政策，认为这可能会对学术独立性产生不良影响，限制科研人员的创新和批判性思考。,教务长Mrs.Johnson是大学的决策者之一，她始终坚持严格执行所有的规章制度和政策,强烈支持这项新的学术道德政策，认为这是确保学术活动公正和透明的重要方式。认为每个人都应服从规章制度，即使这对一些研究人员带来了限制。,竞争对手,3,137
教育/培训/学校/校园,学术道德政策,成就,大同,在追求学术成就的过程中，学者可能过分注重个人的学术成就和社会地位，而忽视了大同的价值，即为了所有人类和自然的福利而理解、欣赏、忍耐、保护，忽视了共享知识和资源，这可能带来的是个人与社区的冲突,某一流大学的生物科学系正面临着如何公平地分配研究资金的问题。这个决策的目的是为了鼓励更多的学者进行创新性研究，同时也保护那些资源有限的学者能够平等地获得研究的机会。然而，这个决策引发了系里的两位教授的分歧――他们分别站在成就和大同的价值观中看待这个问题。,Prof.Smith，一位国际知名的生物学家，著有多篇被广泛引用的研究论文，他主张资金应优先分配给有能力做出重大科学突破的学者,认为优先资助那些有实力和能力做出重大贡献的研究团队，能够激励更多的学者努力提高自己的学术水平，同时也能提高大学的学术影响力。,Prof.Green，大学里的教育改革者和社区建设者，他始终坚信知识和资源的公平分享,主张应该公平地分配研究资金，给每一个学者都提供同样的研究机会，因为他认为这样才能鼓励更多的创新思想和研究方法的涌现。,同事,3,138
教育/培训/学校/校园,学术道德政策,享乐主义,传统,在学术研究的环境中，享乐主义的学生可能倾向于追求个人的快乐和感官满足，而忽视了传统的学术价值观和道德规范，如严谨求真、勤奋耐劳等，这可能导致个人的学习态度和传统学术价值观之间的冲突,某高级研究型大学的教学资源严重不足，教务处需要决定是继续坚持重视研究的传统，采用大量的时间和精力负担繁重的研究工作，还是为了满足学生们的闲暇需求，降低学术压力，提高校园生活的质量。决策的背景是学校的研究资源严重不足，决策的目的是平衡研究与生活，而决策带来的分歧是研究与生活的强度和质量的分配比例问题。,艾伦，艾伦是一位研究生，他非常享受学术之外的生活，他觉得生活本身就足够丰富，不需要在研究中投入过多的时间和精力,建议学校应该缩减研究工作的时间和强度，给学生们更多的时间去享受校园生活，培养个人兴趣和技能，提高生活质量。,杰克，杰克是一名教授，他坚信学术研究是大学的精髓，应尽可能的重视和发展研究工作，对生活的享乐和闲暇只应作为学术研究的辅助和调剂,建议学校应该继续坚持重视研究，甚至应该增加投入，提高研究的质量和数量，从而保持学校的学术地位，而不是陷入闲暇生活的享乐中。,师生,3,139
教育/培训/学校/校园,学术道德政策,刺激,安全,在学术环境中，追求刺激的学生可能更喜欢冒险和挑战，寻求新的、未知的研究领域或方法，而这可能会与追求安全的价值观产生冲突，因为安全追求的是和谐稳定的学习环境和良好的人际关系，过度的冒险和挑战可能会破坏这种稳定和和谐,Metropolis大学在整顿学术纪律的过程中，决定在教务系统上实行一项新的学术道德政策――所有在自己的论文中引用他人成果的学生，都必须在论文提交后两周内通知被引用的作者，确保被引用内容的准确性。这一决策的目的在于树立正确的引导和引用观念，促进公平、公正、健康的学术环境，但也引起了一些学生的不满和反对。,Tom，一名学术表现卓越的科学研究院的研究生，他经常在他的研究中引用不同领域的先进成果，尤其善于发掘和整合信息，喜欢挑战学术边界,认为这项政策过于限制学术创新，认为过多的限制会阻止学者们对新领域的探索，降低科研的活力。决定公开反对这项政策，并尝试向教务部门提出建议，比如设立一个自动通知系统来提高效率。,Alice，是一位严谨派的历史专业博士生，她坚信准确引用和严谨科学是学术研究的基础,赞同这项政策，认为这是保护学术研究真实性、公正性的一种很好的途径，可以防止错误的引用以及学术抄袭。决定支持这项政策，并积极向其他同学推广。,同学,3,140
教育/培训/学校/校园,学生纪律处置决策,权力,大同,当一个学生犯规时，校方可能需要在维护校规严肃性（权力）和保护学生全面发展（大同）之间找到平衡,在一所名为普瑞斯顿的高中，一个年轻的学生因为在课堂上使用手机而被老师发现。学校的规定明确指出课堂上不允许使用手机，违反者将会被严重处罚includingtemporarysuspension。然而，这个学生首次犯规，并且他是学校的优秀学生，他在学业上的表现优异，并且在篮球队里也有出色的表现。老师面临的决策问题是是否要严格执行学校的规定并给予学生严重的处罚。,Mr.Thompson，普瑞斯顿高中的校长，他强调校规的重要性和严肃性，他认为规则是维护学校秩序的基石，所有人都需要遵守，无论他们在其他方面的表现如何,决定按照学校的规定处理，给予学生暂时的停学处罚。,Ms.Johnson，该学生的主管老师，她关心学生的全面成长，认为严重的处罚可能会对学生的自尊心和学业产生负面影响，并且需要考虑学生的未来，她主张应该寻找一种不影响学生发展的解决方式,建议对学生进行教育和警告，让其认识到自己的错误，但不提倡使用严重的处罚。,他们是学校里重要的决策者，有着共同的目标，那就是为了学生和学校的最高利益。但他们对如何达到这个目标的看法不同，这导致了他们的冲突。,3,141
教育/培训/学校/校园,学生纪律处置决策,传统,自我导向,学校可能会有一些传统规定和惯例（传统），但学生可能希望以自己的方式学习和探索（自我导向），这两者可能会发生冲突,在高中校园内，每年的文化艺术节是一个重要的活动，校方严格规定各个活动必须按照固定流程和时间表进行，不得有任何超出规定框架的内容产生。今年，学生会提出希望能够在文化艺术节中加入一些新颖且创新的活动环节，希望能让文化艺术节变得更加有趣和有吸引力。然而，这个提议引发了校方与学生会之间的决策分歧。,校长唐纳德。唐纳德是一位有着丰富教学经验的校长，他始终坚持教育的传统，相信规则和纪律的重要性,拒绝学生会的提议，认为改变文化艺术节的传统形式可能会带来混乱，强调规定的流程和时间表是保证活动顺利进行的必要条件。,学生会主席艾米。艾米是一位年轻有活力的学生，她对于新鲜事物充满奇思妙想，渴望以自己的方式来推动学校的发展,坚持提议，认为丰富和创新的活动内容才能更好的激发学生的参与热情，使文化艺术节真正成为学生的节日。,唐纳德校长是学校的领导者，艾米是学生会的负责人，他们之间的关系是校方和学生会的代表关系。,3,142
教育/培训/学校/校园,学生纪律处置决策,遵从,慈善,学生可能会因为寻求新奇和挑战（刺激），而违反规则和期望（遵从），这时就需要进行纪律处置,高中校园，篮球队主力球员杰克因为在比赛中故意犯规导致对方球员受伤，学校正在决定是否对他进行惩罚。其中，问题的两个主要观点是：是否需要对杰克进行惩罚以维护校园和比赛的规则，以及如果严厉惩罚杰克是否会扼杀他的竞争精神和挑战刺激的欲望。,格林先生，学校的纪律处长。他严格遵守规则，认为所有学生都应该尊重规则，无论他们在学校中的地位如何,决定对杰克进行严厉惩罚，暂时将他从篮球队中移除，让他意识到自己的错误，并保持学校的纪律。,史密斯，杰克的篮球队教练。他是个富有挑战精神的人，认为生活应该充满激情和挑战。他认为杰克的行为虽然过分，但是来源于他的竞争态度和对胜利的极度渴望,认为应该以更加宽容的方式对待杰克，而不是严厉的惩罚。建议让杰克向被他犯规的球员道歉，并在一段时间内在球队内扮演助理教练的角色，这样他可以从不同的视角重新审视比赛。,同事,3,143
教育/培训/学校/校园,学生纪律处置决策,安全,刺激,学生为了追求刺激和新奇（刺激），可能会做出危险的行为，威胁到校园环境和个人的安全（安全）,在一所大学校园中，近期在学生社区中发生了一起危险的驾驶事件。一名学生（马克）为了寻求刺激，驾驶自己的赛车在校园内飚车，尽管没有造成人员伤害，但这种行为严重威胁了校园的安全。校方现在需要决定对马克的纪律处置，这个决策将影响到校园的安全环境和学生的行为规范。,露西，她是学生会的安全委员，一直关注和推动校园的安全环境。她在赛车事件发生后，非常关注这个问题，并想采取严厉的纪律处分来防止此类事件的再次发生,认为应该对马克进行严厉的惩罚，例如停学一段时间，以示警告，并提醒其他学生校园安全的重要性。,大卫，他是马克的朋友，他同样喜欢寻求刺激，他理解马克的行为，但同时也理解其可能带来的危险,认为对马克的处分应该更具建设性，例如强制马克参加安全驾驶课程，以此提高他的安全意识，而不是简单的惩罚。,同事,3,144
教育/培训/学校/校园,学生纪律处置决策,享乐主义,成就,学生可能会因过分追求个人的快乐和感官满足（享乐主义），而忽视学业和其他责任（成就），导致纪律问题,在一所大学，学生纪律处置决策涉及到一个关于一个同学每周末都会举办聚会，打扰到其他同学休息以及准备学习的情况。决策的目的在于解决这个纪律问题，避免影响到其他学生的学习和生活。然而，如何处理这一问题产生了分歧，一部分认为应严肃处理，以示警告，另一部分人则认为应该理解学生追求娱乐和乐趣的需求，以更人性化的方式解决问题。,杰里，作为这所大学的一位学生，他的个性开朗、热爱社交，他非常喜欢举办派对，吸引人们的目光，以此满足自己的享乐主义价值观。,认为大学生活不仅仅是学习，还需要娱乐和乐趣，决定继续举办派对，但会对时间和音量有所控制，以免过分打扰他人。,艾米，是大学学生会主席，为人严谨，以学业和个人成就为主导价值。她认为大学的主要任务是学习，成绩和未来的职业规划是最应该关注的事情。,认为杰里的行为已经严重影响到其他同学的学习和生活，建议学校应该采取行动，警告或者惩罚杰里，让他认识到他的行为是错误的，并且由此引发大家对于校规的重视。,同学,4,145
教育/培训/学校/校园,学生纪律处置决策,慈善,权力,办理纪律处置时，可能需要在对于学生的同情和理解（慈善）以及维护权威和制度公正（权力）之间做出权衡,在一所知名高中，由于考试作弊的事件频频出现，学校决定进行一次全校的学生纪律处置决策以净化校风。学校领导班子和教师在是否应严厉惩罚作弊学生问题上产生了巨大的分歧。,张老师，是一名英语老师，对学生的学习和生活巨细无遗，深受学生的喜爱,认为学生是学校的未来，他们有走错路的权利，只要他们意识到错误并愿意改正，就应该给予他们重新争取未来的机会，无需过于严厉的惩罚。,李校长，是学校的行政领导，是一个严于律己、严于律人的人，信奉“乱则治之”的管理理念,认为对于作弊行为必须严惩以儆效尤，以此来维护学校的声誉和权威，保护那些负责任、遵守纪律的学生的权益。,张老师是李校长的手下教师。,3,146
教育/培训/学校/校园,毕业后的职业规划。,成就,享乐主义,毕业后的职业规划中，有些人可能追求事业上的成功和成就，比如选择一个有挑战性和高薪资的工作，这在施瓦茨的价值观体系中对应于成就,在著名的科技大学即将毕业的两位好朋友，经过多年的努力，他们均获得了大公司的工作offer。然而，两人对于毕业后的职业规划却存在分歧。一方面，他们渴望在职场上取得成功，实现自我价值；另一方面，他们也想要享受生活，追求个人的快乐和满足。,杰克，是个充满野心的年轻人，对事业有着高度的热情和追求，希望自己能在职业生涯中实现一番伟业,选择加入一个创业公司，希望在那里可以发挥自己的潜力，通过自己的努力获得事业上的成功和成就。,丹尼尔，是个热爱生活的年轻人，他并不过分追求事业的成功，更看重生活的品质和个人的快乐,选择一份工作时间相对宽裕，能平衡工作和生活的工作，希望这样的工作能让他有更多的时间去追求个人的兴趣和快乐。,朋友,1,147
教育/培训/学校/校园,毕业后的职业规划。,自我导向,遵从,在职业规划中，选择自我导向的价值观可能表现为追求自主创业、选择自己感兴趣和热爱的工作，追求思想和行为的独立,在一所知名大学，两名即将毕业的学生面临着关于毕业后职业规划的决策。他们一直是好朋友，过去四年里，他们共同学习，一起度过快乐和困难的时光。而现在，他们对于未来的道路有着不同的看法，一方面是追求个人热情和自主创业的梦想，另一方面是遵循社会期望和父母的意愿。,李明，他是一名积极的学生，总是充满创新的想法。他热爱编程和设计，每当有空闲时间，他都会去进行自己的项目。他一直有一个梦想，那就是创办自己的技术公司，为世界带来影响,决定毕业后追求自己的梦想，计划创立自己的公司，虽然自己知道这将是一个充满挑战的道路，但愿意接受这个挑战。,王华，他来自一个传统的家庭，父母都是医生，他们希望他能继承家族的事业，并成为一名医生。王华尊重父母的意见，他知道成为一名医生可以帮助病人，为社会做出贡献，这也符合他的家族传统。值观：遵从。,决定遵循父母的意愿，打算毕业后继续深造，成为一名医生。相信虽然这可能不是自己最热衷的事业，但能够找到满足和快乐。,朋友,1,148
教育/培训/学校/校园,毕业后的职业规划。,权力,大同,有些毕业生可能在职业规划中追求权力，希望获得更高的社会地位和声望，这对应于权力的价值观,两位即将毕业的大学生面临着职业规划的选择的重大决策。他们都是经济学的学生，一直以来，他们的目标都是为了找到一份高薪酬的工作，并且在职场中取得成功。然而，当面临着实际的工作选择时，他们却因为各自的价值观产生了分歧。,杰克，一个目标明确、有抱负、有能力的经济学毕业生。他向往权力，渴望在社会中获得显赫的地位和控制资源,决定选择一家全球知名的投资银行工作，尽管工作压力很大，工作时间长，但薪酬高，晋升速度快，很快就能获得权力和社会地位。,凯特，一个善良、理解力强、关心公平社会的经济学毕业生。她拥抱大同的价值观，注重社会和谐，追寻公平正义,选择在一个非盈利的社会组织工作，虽然薪酬并不丰厚，但是自己可以倾力做她认为对社会有贡献、有意义的事情，帮助弱势群体，提升社会公平。,朋友,1,149
教育/培训/学校/校园,毕业后的职业规划。,刺激,安全,毕业後，一些人可能追求生活的新奇和挑战，如选择在不稳定但具有高风险和高回报的创业公司工作，这对应于刺激的价值观,在一个硕士研究生毕业的夏天，Tom和Lily面临着各自职业规划的选择。他们都是经济学专业的研究生，学习成绩优异，但对于毕业后的职业选择，他们有着不同的看法。Tom有机会进入一家快速发展的金融科技创业公司，而Lily则是被一家全球知名的银行录取。这两个选择为他们带来了分歧，Tom的选择充满了不确定性和挑战，而Lily的选择则看似安全稳定。,Tom，一个热爱冒险，富有创新精神，愿意接受挑战的年轻人,在考虑了所有的利弊后，决定选择加入这家快速发展的创业公司。认为这将给自己带来更大的职业挑战和发展机会，充分发挥自己的才能和热情。,Lily，一个注重稳定，希望有一个可预见的未来，更希望可以有充足的保障和保护的女孩,考虑到行业的稳定性和公司的声誉，决定接受这家全球知名银行的录取。认为这样的选择将为她未来的职业生涯提供更加稳定的保障。,恋人,1,150
教育/培训/学校/校园,处理校园霸凌,权力,大同,在处理校园霸凌的问题时，教师或校方可能会把维护学校的声望和地位（权力）放在首位，以免学校的声誉受损,在枫叶中学，一直存在着校园霸凌的问题，一些学生因此受到了心理和身体的伤害。最近一个受害学生的父母向学校和社区抱怨，引来了社会舆论的大量关注。校方面临了一个艰难的决策：要么直接解决这个问题，让学校的声誉可能会受到暂时的影响，但这样可以保护所有学生的权益；要么选择隐瞒和淡化这个问题，以保护学校的声誉和社会地位，但这样可能会忽视一些学生的权益。,华彬，枫叶中学的校长。他拥有高尚的人格和娴熟的社交技能，以及团队领导和管理的能力。他非常注重学校的声誉和社会地位，因为他认为这对学校的发展有决定性的影响,决定采取淡化和隐瞒的策略，认为这样可以最大程度地保护学校的声誉和社会地位。希望通过向霸凌的学生进行教育和谈话来解决问题，同时保证这些情况不会再发生。,陈萍，枫叶中学的心理咨询师，她非常热爱她的工作，并时刻关心着学生的心理健康。她希望所有的学生都能在学校里有安全的学习和生活环境,认为面对霸凌问题应该有明确和坚决的态度，即使这样可能会对学校的声誉产生一些暂时的影响。认为应该向所有人公开这个问题，并采取严厉的措施防止此类事件再次发生。,同事,3,151
教育/培训/学校/校园,处理校园霸凌,遵从,慈善,为了避免被霸凌，学生可能会遵从霸凌者或者主流群体的行为或观念（遵从），而忽视了自我思考、自我保护以及主动寻求施暴行为的解决办法（自我导向）,一个中学的校园中，已经发生了数起霸凌事件。校方决定需要立即采取行动解决这个问题。决策的目的是为了确保每个学生的安全，使他们在没有受到伤害的情况下接受教育。然而，在具体如何处理这个问题上，学校中的两位教师出现了分歧。,阿尔伯特，他是一位资深的历史老师。他在校园中深受敬重，对学生有着极高的期待。他相信在校规和原则的框架下，每个学生都应该有所为有所不为。他总是遵从这个价值观，习惯于按照规定进行教学,认为应该严格按照学校的规章制度来处理校园霸凌事件。主张对有霸凌行为的学生实施处罚，比如停课或者开除，然后再进行心理辅导。认为这样严厉的处理方式可以警示其他学生，使他们遵从校规。,贝琳达，她是一位年轻的心理咨询师，她积极地鼓励学生们独立思考，理解和表达自己的情绪。她经常组织一些团体活动，让学生们有机会自我反思和改变,认为最有效的方式是通过沟通和引导，让所有学生都能理解霸凌的严重性，而非仅仅惩罚施暴者。建议开展一些心理教育课程，鼓励学生们自我表达，培养他们的同理心，从而自我导向地减少和防止霸凌行为。,同事,2,152
教育/培训/学校/校园,处理校园霸凌,传统,慈善,在一些校园环境中，霸凌可能被看作是一种"成长的必经之路"（传统），这种观念可能会阻止一些教师或者同学采取行动去帮助被霸凌的学生（慈善）,在兴华中学，最近校园内发生了多起学生间的霸凌事件，令校园的气氛变得紧张。校长决定召开紧急会议，讨论如何处理和防止校园霸凌。会议的目的是为了创造一个更安全、友好的学习和生活环境。然而，在决策如何处理这个问题时，校园内部出现了两种截然不同的观点和处理方法。,张老师，一个资深的老师，他在教书育人的过程中，始终坚持传统的教育观念，认为应该让学生在处理问题的过程中磨炼和成长,认为应该让学生自己解决他们之间的矛盾，并且他认为这样可以锻炼他们的解决问题的能力，并且帮助他们成长。,李老师，一个年轻的心理老师，他对学生有着深深的爱心，并且始终关注学生的身心健康。他认为应该以人为本，尊重每一个学生的人格和尊严,认为校方应该直接介入，对施暴者进行严肃的惩罚，并且提供心理咨询和援助给受害者，以保护他们的权益。,同事,3,153
教育/培训/学校/校园,处理校园霸凌,享乐主义,成就,一些霸凌者可能会从欺凌他人中寻找快乐和满足（享乐主义），而忽视了自己的学业成就和社会道德的培养（成就）,在高中的一所学校中，出现了严重的校园霸凌现象。霸凌的主要形式是一些学生对一些同学进行语言或者身体上的伤害，导致受害者在精神和学业上都受到了严重的影响。为了解决这个问题，校方决定进行一次学校会议，在会议上每个班级需要由两名同学代表发言，对于如何处理这种校园霸凌现象提出自己的观点。,杰克，他是一名充满活力的学生。他热爱生活，喜欢寻找刺激和乐趣，经常想要成为聚光灯下的焦点。他的价值观主要是享乐主义。,提出为了减少校园霸凌现象，学校应该增加一些娱乐活动，让学生们有更多的时间和空间去参与乐趣，让他们的注意力从霸凌他人转向了参与这些活动。,苏珊，她是一名学习成绩优异的学生。她认为学业的成功是生活中最重要的事情，并且认为每个人都应该尽自己的努力去追求更高的成就。她的价值观主要是成就。,提出为了解决校园霸凌的问题，学校应该设立严厉的处罚机制，对那些进行霸凌行为的学生进行惩罚，比如剥夺他们的学业成就，如参与科研的机会或者获得奖学金的权利，同时学校也应该加强对学生的道德教育，让他们明白霸凌行为是不对的。,同学,3,154
教育/培训/学校/校园,处理学术压力,成就,享乐主义, 学生可能在追求高分数、好成绩（成就价值观）的过程中，因为长时间的学习和准备，往往会牺牲很多个人的休闲时间和娱乐活动（享乐主义价值观），这两者在一定程度上存在冲突,一所大学里的期末考试临近，许多学生感到压力很大，为此，他们正在纠结是否应该牺牲部分休闲和娱乐时间来提前复习和准备。决策的目的是找到一种既能达到学术目标又能保持个人健康和快乐的方式。然而，这样一个决策引发了在这个问题上看重成就和享乐主义的学生之间的分歧。,杨洋，他是一名成绩优秀的学生，对自我提升和个人成就有着高度追求，他希望能够保持自己的优秀成绩，并获得奖学金,决定牺牲自己的休闲时间，利用这段时间集中精力复习和准备期末考试，以确保他的成绩和奖学金。,张慧，她是一名善于享受生活的学生，看重个人的快乐和感官满足，虽然学习是重要的，但她认为，保持平衡生活，拥有足够的休闲和娱乐时间也是重要的,决定在保证基本学习任务的前提下，适当安排娱乐和休息时间，以保持心情愉快和身心健康，认为这样的生活才更有活力和动力。,同学,1,155
教育/培训/学校/校园,处理学术压力,遵从,自我导向,在处理学术压力时，学生可能会面临遵从教师和家长的期望（遵从价值观），与追求自己的兴趣和热情（自我导向价值观）之间的冲突,高中生小明在面临着高考压力，他对于接下来的职业选择和专业选择感到困惑和压力。他的家长和学校老师希望他可以选择热门的专业如医学和法学，因为这些专业的就业前景较好。而他自己更倾向于选择自己感兴趣的专业，例如哲学和历史学。他的决策目的是希望能找到一种方式来解决这种压力和冲突。,小明的父母。他们希望小明能考入一所好的大学，并且选择一门有前景的专业。他们认为这是对小明未来的最好保障,决定时刻提醒小明，以高考成绩为主要目标，投入更多时间在学习上，尽量选择医学和法学这样的热门和就业前景较好的专业。,小明。他是一个热爱思考、喜欢探索新知识的青年。他对哲学和历史学有浓厚的兴趣，并且希望未来能在这个方向深入学习,决定坚持自己的兴趣，虽然要努力提高自己的考试成绩，但在专业选择上，决定选择自己真正热爱的哲学或历史。,亲子,3,156
教育/培训/学校/校园,处理学术压力,安全,刺激,一方面，学生可能希望保持稳定的学习效果和生活状态（安全价值观）；另一方面，他们也可能渴望接受新的挑战和体验，如参与竞赛或尝试新的学科（刺激价值观），这两者可能存在冲突,在一个著名的高中，最近即将举办一个学术竞赛。这是一项高难度的挑战，需要大量的学习和准备以及巨大的时间投入。这个学术竞赛提供了一个了解新知识，提高学术能力的机会，但是也会带来很大的学术压力。现在的问题是两位十年级的学生，一位是专注于稳定学习和生活的萨拉，另一位是寻求新挑战和刺激的埃文，他们面临着要不要参加这个学术竞赛的决定。,萨拉，她是一个理智且务实的学生，崇尚稳健的学习方法并且重视生活的规律。她相信稳步推进和长期的努力，而不是一时的激进和冲击,决定不参加这个学术竞赛。认为现在的学业压力已经足够大，如果再增加这个竞赛，会极大的打乱自己的学习计划和生活规律。更愿意投入稳定的学习，而不是追求一时的荣誉和刺激。,埃文，他是一位充满活力和好奇心的学生，总是渴望迎接新的挑战和体验。他热衷于学习新的知识和技能，即使这需要付出额外的努力和时间,决定参加这个学术竞赛。认为这是一个提升自己，挑战自我极限的机会。尽管知道这将带来很大的学术压力，但愿意接受这个挑战，认为这是学习和成长的一部分。,竞争对手,1,157
教育/培训/学校/校园,处理学术压力,权力,大同,在团队项目或小组作业中，一些学生可能趋向于控制和领导整个团队以获得成功（权力价值观）；而另一些学生则更看重团队的公正和平等合作（大同价值观），这种情况下，这两种价值观可能会发生冲突,在一所知名大学里，有一个即将到来的期末项目，这个项目对总成绩有着重要的影响。由于项目的内容十分复杂，因此学校决定让学生以团队的形式进行。这对所有团队成员都带来了巨大的压力，因为他们不仅要完成自己的部分，还需要好好地协调与其他组员的关系，以确保项目的顺利进行。在这个环境下，"领导者"的角色变得尤为重要。,杰克，他是这个团队的内在领导者，他既聪明又有影响力，善于影响和说服他人，自我意识非常强。他具有很高的抱负，总是想要赢在每一场竞赛中,决定以自己的方式来领导这个项目，认为只有自己可以决定这个团队的动向和最后的项目结果。尽全力去控制每一个细节，从而尽可能地提高项目的成功率。,艾米，她是一个非常善良和有责任感的人，相信平等和公正的原则。在她看来，每个团队成员都应该公平地参与到这个项目中来，每个人的意见都应该得到充分的尊重,认为这样无视其他团队成员的意愿并不公平。决定去与杰克交谈，希望他能了解到团队工作的真正意义――那就是共同合作，而不是由一个人独裁。,朋友,3,158
教育/培训/学校/校园,创业或就业选择,成就,慈善,在创业或就业选择的过程中，一方面，人们可能追求成就，要求自我实现，希望通过个人的努力取得成功，成为社会标杆；另一方面，人们也可能追求慈善，更注重促进他人的福利，愿意把时间和精力投入到帮助他人方面,大学毕业在即，李华和赵敏这对恋人需要面对一个尴尬的决定：创业还是就业？两人的理想之城是北京，但他们对于毕业后的路二人意见却不一样。李华是一个有抱负的人，他希望能够在北京创业，用自己的努力创造出一片属于自己的天地，实现自己的人生价值。而赵敏更希望能够在北京找到一份稳定的工作，有更多的时间精力去做慈善事业，帮助需要帮助的人。,李华，男，24岁，一个充满抱负和活力的年轻人，他乐观积极，有强烈的进取心，不怕困难，有勇于担当的精神,认为创业将是实现个人价值的最好方式，打算在北京创办一家自己的科技公司，通过自己的努力，让这个公司成为业界的领先者。,赵敏，女，23岁，一个善良和热心肠的女孩，她总是关心他人，愿意为他人付出，有着强烈的社会责任感，她深知生活的价值在于给予，而不是索取,希望找到一份稳定的工作，希望通过稳定的收入来维持生活，有更多的时间和精力去做慈善事业，帮助需要帮助的人，尽自己的一份力。,恋人,1,159
教育/培训/学校/校园,创业或就业选择,权力,大同,在就业选择中，可能会出现追求权力与大同的冲突,现在，大学毕业在即，许多同学都面临人生的重大选择：创业还是就业。李明和王晓华这对情侣也不例外，他们一同学习了四年的计算机科学，具备了扎实的知识储备，也有不少自己的想法。李明希望能凭借自己的专业知识，在互联网行业找到一份高薪的工作，以实现社会地位的提升和财富的积累。而王晓华，她是一个非常怀有理想主义精神的人，她希望能够利用自己的知识去做一些真正有意义的事情，为社会公益做出贡献。,李明，是个热爱计算机科学的年轻人，他的头脑聪明，技术出类拔萃。他梦想着能在硅谷的科技巨头中获得一份工作，实现自我价值,决定在毕业后向硅谷的科技巨头投递简历，寻求一份高薪的岗位。,王晓华，一个天真热情的女生，她是社团的负责人，经常策划各种公益活动。她喜欢帮助他人，有一个创造美好世界的梦想,决定毕业后创办一家社会企业，利用自己所学的计算机科学知识，打造一个能够连接需要帮助的人和爱心人士的平台。,恋人,1,160
教育/培训/学校/校园,创业或就业选择,安全,刺激,在创业或就业选择中，追求安全的人可能希望有稳定的收入和工作环境，而追求刺激的人可能更愿意接受挑战，寻求不确定性和冒险，这两种价值观在决策过程中可能产生冲突,一对新婚夫妻在纽约的生活开始有些困苦，他们正在思考是应该继续在辛苦的纽约寻找工作，还是回到小城市创业。决策的背景主要围绕他们的生活困难和对未来的期待。决策的目的是寻求经济稳定和生活满足。对于创业或就业的选择，夫妻疼着成了分歧。,苏珊。苏珊是一个安静的女性，喜欢预见性和计划性，不喜欢冒险和变动，她倾向于稳定的工作和生活。她的价值观是安全。,希望继续在纽约找工作，认为也许找到工作需要时间，但只要有耐心，总会找到一份稳定的工作。认为就业比创业更有保障，更能提供她想要的生活。,詹姆斯。詹姆斯是一个充满活力和毅力的男性，喜欢冒险和寻求生活刺激，他喜欢尝试新的事物并接受挑战。他的价值观是刺激。,认为回到小城市创业是一个更好的选择，觉得创业可以有更大的自由度，同时也可以让两人追求所希望的生活方式。认为尽管创业风险大，但只要有决心，总能战胜困难。,夫妻,3,161
教育/培训/学校/校园,研究方向选择,成就,大同,在选择研究方向时，学生可能面临成就和大同之间的冲突,一个计算机科学的博士生正在决定他的研究方向。研究的背景是当前的科学技术快速发展，尤其是在人工智能和机器学习这两个领域。决策的目的是希望选择一个能够在科研界取得前沿突破，从而获得个人声望和成功的领域。然而，这个决策引起了他和他的朋友之间的分歧。,Alex，一个追求成功，希望自己研究成果能获得社会广泛认可的学者,选择深度学习这个领域，因为这是一个很有潜力的领域，有很大的可能在未来的科技界取得重大突破，从而让自己获得一定的声望和成功。,Bob，一个坚信科技应该被用来改善人类福祉和环境的学者,建议应该从更广义的角度来看待科技的发展，而不仅仅是看到可能的科技突破和个人的声望。建议Alex选择一些能直接对环境或者公众福祉产生积极影响的研究领域，比如环保科技或者公共健康。,朋友,3,162
教育/培训/学校/校园,研究方向选择,权力,慈善,在选择研究方向时，学生可能面临权力和慈善之间的冲突,在一个高级的研究大学中，学生在研究生阶段需要选择他们的研究方向。这个决策是非常重要的，因为它会影响他们的研究生生涯，甚至他们的职业生涯。决策的目的是选择一个研究主题，使他们能够成功地完成他们的研究生课程，并帮助他们在将来的职业生涯中取得成功。然而，这个决策引发了一些分歧，因为一些学生有权力的价值观，他们想选择一个有可能带来大量声望和成功的研究主题，而另一些学生有慈善的价值观，他们希望选择一个能够对社会发挥积极影响的研究主题。,约瑟夫，一个聪明、有抱负的学生。他喜欢在他所从事的任何工作中都能脱颖而出，并渴望通过他的研究得到广泛的公认和甚至可能得到财富,选择一个“热门”研究话题，这个话题最近在科学界引起了很大的关注，并有可能带来大量的投资。,艾米，一个善良、热心肠的学生。她对科学的目的有深深的理解，认为它应该是为了帮助人们和改善社会,选择一个关于如何解决贫困问题的研究，这是一个尽管可能不会带来大量财富或声望，但她认为这对社会有很大的价值。,朋友,1,163
教育/培训/学校/校园,研究方向选择,自我导向,遵从,在选择研究方向时，学生可能面临自我导向和遵从之间的冲突,在一所知名大学的心理学研究生课程中，学生需要在第二年选择自己的研究方向。这个选择将影响他们未来的职业生涯和学术发展。然而，这个决定引发了一些分歧，因为每个人所关心的研究领域和追求的目标可能会有所不同。,叫杰克，他是一个充满好奇心，热衷于探索新知识领域的研究生。他渴望从事创新研究，并希望能在未来做出独立的学术贡献,希望能选择研究心理学中的行为经济领域，尽管这个方向在学术界尚未得到广泛认可，但认为这将是一个开创性的研究领域，并有可能为未来的心理学实践带来新的洞见。,叫苏珊，她是一位严谨的学生，尊重并遵循学术传统。她相信通过研究已有的学术理论和模型，能更好地理解人的心理行为,决定选择研究心理学中的认知心理学领域，这是一门有着丰富理论基础和广泛研究成果的领域，认为既可以学习到很多知识，也可以为未来的职业生涯打下坚实的基础。,同学,1,164
教育/培训/学校/校园,同学关系管理,成就,自我导向,比如在某些传统观念中，可能认为学习成绩是衡量一个学生价值的唯一标准，然而有的学生可能更注重自我成长和兴趣的发展（自我导向），这也会产生冲突,高三的学生们正在准备大学入学考试。决策的目的是要决定在这个关键时期如何管理他们的朋友关系：是把全部的精力都放在复习上，削减社交活动，还是继续保持丰富多彩的社交生活，互相鼓励和推动？决策带来的分歧是，一部分学生认为学习是当前的重中之重，而另一部分学生则认为友情和个人发展同样重要。,李华，一个非常认真的学生，他非常尊重学习传统，总是严格按照学校的教学计划和学习方法学习,在这个关键时期，决定尽可能的减少社交活动，把全部的精力都放在学习上。认为这是对学习的尊重，也是确保自己能够顺利通过大学入学考试的必要手段。,张明，一个非常独立思考的学生，他喜欢接受新的挑战和探索新的事物，不喜欢被任何事物束缚,决定继续丰富多彩的社交生活，认为这是个人发展的重要部分，也是自己获取学习动力的源泉。会在保证学习的同时，抽出时间来参加各种社交活动，并鼓励他的朋友们也这样做。,朋友,1,165
教育/培训/学校/校园,同学关系管理,遵从,刺激,在学校生活中，学生可能需要遵守各种规章制度（遵从），但有的学生可能更喜欢探索新鲜事物，追求刺激，这也可能导致冲突,在高中的一个文学俱乐部中，两个成员面临一个决策：是遵循俱乐部的传统，继续沉醉于经典文学的学习，还是推动俱乐部进行一些新的，可能有一些冒险并且带来刺激的活动，如写作比赛和公开的朗诵比赛。这个决策的目的是使俱乐部更富活力，让人们更多地了解和欣赏文学。,丽莎，她是一个遵循规章制度的人，相信在传统和经典中学习文学是提高自身的最好方式。她常常表现出谨慎和稳重，并且十分尊重俱乐部的规章制度和传统,倾向于维持现状，继续在经典文学的学习中寻求提升，认为这样可以保持俱乐部的稳定和和谐，确保每个成员都能在一个良好的环境下学习。,杰克，他是个充满活力和创新精神的人，希望通过尝试新鲜事物让生活更加精彩。他擅长思考问题，喜欢冒险和挑战，因此更倾向于寻找新的、有趣的方式来学习和欣赏文学,提议俱乐部应该试一试新的活动，比如写作比赛和公开的朗诵比赛，这样不仅可以激发大家的创新精神，也会使俱乐部更加有活力，并可能吸引更多对文学感兴趣的学生加入。,他们是文学俱乐部的成员，平时共同学习和讨论文学，彼此联系紧密。,3,166
教育/培训/学校/校园,同学关系管理,安全,成就,为了追求高分而选择难度较高的课程（成就），可能会带来学业上的困扰和压力，这与追求心理和生活的安稳（安全）产生冲突,这是在一个著名的大学中，正在上学的两位同学，他们共同面对的决策是：是否应该参加一场学业负担很重但非常有挑战性的竞赛。这场竞赛的参赛者大多数是学霸，这给他们带来了压力，但是如果赢了，他们可以为自己的简历增添光彩。决策的目的是他们想对自己的未来有所规划，但是他们对于这个决策产生了分歧。,Lily，一个比较保守的女孩，崇尚稳定，在学习中更重视深度而不是广度,由于注重安全和稳定，选择不参加竞赛，认为这场竞赛给她带来的压力远大于可能的收获，更愿意把时间花在打好学科基础上，以此来保证自己的学业稳定。,Tom，一个对新事物充满好奇，喜欢挑战自我极限的男生,选择参加这个竞赛，尽管深知这场竞赛的难度很大，但认为正是因为这个竞赛很难才能更好的锻炼他，认为接受挑战才有可能取得成就，即使失败了也会获得学习经验。,朋友,1,167
教育/培训/学校/校园,同学关系管理,享乐主义,成就,在为了享乐而选择放松与娱乐（享乐主义），与追求自我发展或者努力学习以获取更好成绩（成就）之间，可能存在冲突,一个重要的期末考试即将来临，所有同学都在忙于复习备考。然而，校园内即将举行一个大型的音乐节，很多同学都非常期待并且计划参加。这就使得同学们需要决定是去参加音乐节还是留在图书馆复习，这也使得同学关系管理上产生了一些分歧。,名叫Tom，他是一个乐观开朗、热爱生活的人，喜欢娱乐活动，总是觉得人生就是要快乐享受,决定参加音乐节，认为这是一个难得的机会，可以让自己从繁重的学习中解脱出来，得到放松和快乐。觉得人生就是要快乐享受，不能单纯被学习压垮，只有活动和学习保持平衡，才能更好的生活。,名叫Jack，是个非常有毅力的人，对自我实现有非常高的追求，对于期末考试也很重视，他认为这对他的成长和未来非常重要,决定留在图书馆复习，觉得虽然音乐节很吸引人，但是能否通过期末考试对自己来说更重要。坚信只有通过自己的努力，才能在生活中取得成功，才能距离自己的目标更近一步。,朋友,1,168
教育/培训/学校/校园,选课策略,成就,享乐主义,在选课策略中，学生可能会遇到这样的矛盾，一方面他们希望选择那些可以帮助他们获得好成绩、提升社会地位的课程（成就），另一方面，他们又想选择那些他们真正感兴趣、可以带给他们快乐的课程（享乐主义）,大W新W期即⒌恚W生面R著xn策略的抉瘛Ｓ行W生希望x衲切┛雌硎分困y，但是可以他@得很高分担M而提升他的Wg地位的n程。而有些W生t想x袼真心鄣模管可能分挡桓撸s能他感到快泛M足的n程。@N分歧xn策略成榱艘环N需要被决策的}。,林太郎，林太郎是一个极富竞争力的学生。他总是力争上游，希望自己在所有事情上都能胜出。他希望选择那些大家都认为很难，但是成绩看起来非常好的课程，以此来提升自己的社会地位和声望,决定选那些有挑战性的课程，即使这些课程的内容自己不太感兴趣，只要能取得一个好成绩就已经足够了。,小萍，小萍是一充M激情的W生。她对生活充满热爱，喜欢去追求让自己内心充满快乐的事物。所以，她希望选择那些她真正热爱的，可以带给她快乐的课程，即使这些课程可能无法带给她高分,决定选择那些真正感兴趣，可以让自己感到满足和快乐的课程。尽管这些课程可能分数不会很高，但这已经无法影响到自己对这些课程的热爱了。,同学,1,169
教育/培训/学校/校园,选课策略,权力,大同,在选课策略上，有的学生可能希望选择那些可以帮助他们获得社会地位和声望的课程（权力），比如那些更有利于进入名企或者获得高薪工作的课程，另一方面，他们也可能想要选择那些更加注重全人类和自然福祉的课程，如关注环境保护、公平正义等（大同）,大学已经开放了下个学期的选课，各种各样的课程满足不同类型的学术追求和兴趣。然而，课程选择的时间有限，决策需要反映学生的短期和长期目标，备受同学们关注。在这个公开的选课论坛上，人们在探讨应该如何进行课程的选择，以使课程选择不仅满足自己的学术和职业需求，同时也能为社会做出贡献。,杰克，一个培养精英的专业学生，他希望通过自己的学术努力来获得好的就业机会和社会地位。他认为通过学习具有实际应用价值和竞争力的课程，可以为他的职业生涯做好准备,决定选择那些对未来职业生涯有用，可能帮助自己获取高薪和社会地位的课程，如经济、金融和数据科学类课程。,艾米，一个社会活动人士和热衷环保的学生。她希望她的课程选择反映她的价值观，并且能够对社会和环境发挥积极影响,决定选择那些可以增进自己对全球问题的理解，为自己提供工具去解决环境和社会问题的课程，如环境科学、社会公正和国际关系等课程。,同学,1,170
教育/培训/学校/校园,选课策略,自我导向,遵从,一些学生可能自我导向较强，更倾向于根据自己的兴趣和爱好来选择课程（自我导向），而另一部分学生可能会倾向于遵从父母或社会的期待，选择那些被广大社会认为有用、有价值的课程（遵从）,大学新学期即将开始，两个学生需要决定自己的课程选择。这个决策涉及到他们接下来的学期学习计划以及未来职业发展。然而，他们在课程选择上产生了分歧，他们需要在满足自己的兴趣（自我导向）和满足社会、父母的期待（遵从）之间做出选择。,杰克，一个热爱音乐、个性自由的学生。他喜欢追求自己的兴趣，不太在乎父母和社会对他的期待,无论父母和社会怎么看，决定选修自己感兴趣的音乐课程，因为自己做任何事都要照着自己的心去做。,艾米，一个尊重父母意见、注重社会期待的学生。她认为父母的建议和社会观点是基于他们的经验，值得尊重和遵从,尽管对绘画有浓厚的兴趣，但决定遵从父母的建议和社会的期望，选修了更有市场需求的计算机科学课程。,朋友,1,171
教育/培训/学校/校园,选课策略,安全,刺激,在选课策略中，有的学生可能倾向于选择那些他们已经熟悉，或者相对容易掌握的课程（安全），而另一些学生则可能倾向于选择那些全新的，具有挑战性的课程，为自己的学习生活增添新鲜感和刺激感（刺激）,新的学期即将开始，大学的选课系统已经开放，学生们需要在这个系统中选择下一学期要修的课程。这是一次重要的决策，因为选择的课程将直接影响他们的学习路径和未来的职业发展。然而，关于如何选择课程的战略，学生们之间产生了分歧。,Alice，一个非常谨慎且注重规划的学生，善于按部就班地进行学习。她总是对未知感到恐惧，偏好稳定的学习环境和预期的成果,决定选修那些自己已经熟悉或者认为可以轻松掌握的课程，如已经修过的课程的高级版，或者与专业直接相关的课程。,Bob，一个充满好奇心且喜欢探索的学生，总是想要尝试新的事物并面对挑战。他认为学习是刺激和增长自己的一个好机会,决定选修一些新的、从未接触过的课程，或者那些自己认为具有挑战性和启发性的课程，如古典音乐欣赏，现代艺术，量子物理等。,同学,1,172
教育/培训/学校/校园,奖学金申请,成就,大同,在申请奖学金的过程中，个人可能会出于成就欲望去积极申请，甚至争取所有可能的奖学金，但这可能会剥夺其他有需要的同学获得奖学金的机会，与大同的价值观，即为所有人的福利考虑，产生冲突,在顶尖大学的一个学期末，学校发布了一个可以全额资助优秀学生明年在海外顶级大学深造的奖学金，申请条件也相当宽松，只要是本年度的全日制在校生并且在学业或者科研上有出色表现的学生都可以申请。然而，奖学金的名额非常有限，只有两个，同时引起了学校各个学院的学生的强烈关注和激烈竞争。,李强，他是一位对自己的未来充满了期待的计算机系研究生，他在校期间一直热衷于奖学金、竞赛等可以提升个人成就感和社会认可度的活动，他很想得到这个奖学金，以此证明自己的能力，并且有机会在海外的顶级大学深造,决定尽自己所有所能申请这个奖学金，包括借助于自己过去积累的各种获奖证书，全力以赴，以确保自己的成功。,王慧，她是一位重视公正和公平，关心大家共同利益的社工学系的本科生。她了解到奖学金的事情后，也产生了申请的想法，但是她发现有很多比自己更需要这个奖学金的同学，比如那些来自贫困地区的同学，他们如果得到这个奖学金，将有机会改变他们的生活,决定放弃自己的申请，同时决定用自己的影响力去呼吁学校能更公正公平地审查申请人，让更需要的人得到奖学金。,室友,1,173
教育/培训/学校/校园,奖学金申请,自我导向,遵从,学生可能希望按照自己的方式寻求奖学金，例如通过自己的才艺、兴趣或非传统方式去展现自己，这体现了自我导向的价值观,一所大学将为优秀的学生提供一份奖学金作为奖励，所有申请者需要提交一份申请书，清晰地描述他们的学术成绩，社区服务，领导力，以及他们如何继续为校园社区做出贡献。奖学金的数量有限，所以需要做出决策，谁能得到这个奖学金。这个决策引发了分歧。一些人希望按照自己的方式寻求奖学金，例如通过自己的才艺、兴趣或非传统方式去展现自己，这体现了自我导向的价值观。另一些人则认为，申请奖学金应当按照制定的政策和程序进行，这体现了遵从的价值观。,Lily，她是一名非常有个性和创造性的学生。她在学习以外的领域有许多优秀的表现，她用她独特的方式给校园带来了活力。她总是寻求新鲜事物，喜欢探索,决定在申请书中强调自己的创新项目，非传统思维方式，如何通过自己的方式给校园带来了帮助，而不仅仅是成绩和社区服务。,John，他是一名十分尊重规则的学生，他总是凭借自己的努力和毅力取得优秀的成绩，他深信按照正确的流程和规则行事，是取得成功的关键,决定按照申请条件和流程来完成自己的申请，将强调自己的学习成绩，社区服务，努力，以及如何严格按照规定来做事。,同学,1,174
教育/培训/学校/校园,奖学金申请,享乐主义,遵从,有的学生可能更看重享受学乐生活，如参加各种社团活动、社交活动等，这体现了享乐主义的价值观,大学新学期即将开始，大学的奖学金申请流程也正式开始。作为大二学生的杰克和玛丽都有资格为学校提供的全额奖学金申请，这个奖学金对他们来说意味着减轻学费的负担，能有更多的金钱和时间投入到自己喜欢的事情上。但是，奖学金申请的过程需要他们花费大量的时间准备材料，包括写申请信、寻找推荐人、进行面试等，这也意味着他们可能会错过一些自己喜欢的课外活动和社交活动。,杰克，是个热爱生活，喜欢社交，富有活力的人，他热衷于参加各种社团活动和社交活动，他认为大学生活不仅仅是学习，更重要的是享受生活，拓宽社交圈，丰富生活体验,在权衡之后决定不申请奖学金，认为花费太多时间在申请奖学金上不值得，更愿意把这些时间用在参加各种社团活动和社交活动上，享受大学生活。,玛丽，是个性格内向，善良，尊重规则和传统的人，她认为大学生活是为了更好的学习，提升自己，申请奖学金也是一种自我提升的方式，她认为应该严格遵守学校的规章制度，按照学校的要求努力申请奖学金,决定申请奖学金，愿意花费时间和精力在申请奖学金上，认为这是一种责任和对学习的尊重。,朋友,1,175
